author	comment	vote	snownlp
唐朝	不 知道 算不算 近十年 或者说 唯一 看到 少年 控诉 抗议 成人 世界 最 直接 一部 中国 挺好的 这是 强调 长辈 权威 中国 文化 里 很难 看到 一种 情绪 表达 还 不断 遭到 扼杀 尤其 当成 人 代表 警察 时 更 困难 最后 男女 主 面对 警察 审问 时 保护 对方 自救 交叉 剪辑 呈现 两人 陈述 精彩绝伦 国产挺好的 里 从未 感受 轻蔑 成人 情绪 涌 上 心头 这是 国外 挺好的 某类 特定 国产 宣教 挺好的 司空见惯 情绪 表达 国产挺好的 里 第一次 来自 真正 意义 上 受害者 灵魂 控诉 任何人 不会 看 一部 挺好的 倍受 感动 更 了解 好看者 处境 现实 没有 上帝 视角 往往 充满 误解 偏见 看到 意识 问题 存在 才 更加 重要 这步 才 探讨 反思 可能 只会 沉浸 岁月 静好 幻想 中	18	1.0
我hello弟弟	保护 世界 保护 相信 相信 本身 ! 故事 倒序 展开 曾 最好 乐园 依靠 校园 可能 都 曾 孤立 欺负 需要 勇敢 说 出来 陈念 小北 两个 人 生活 充满希望 选择 欺负 选择 加入 一起 欺负 故事 讲 真的 很 好 剧情 感人 真实 演员 演技 在线 眼神 里 有戏 仿佛 角色 本身 带 很 好 带入 剧情 祝 少年 票房 大卖	89	1.0
sTill-Life	影片 校园 欺凌 这一 社会 题材 上 找到 感觉 明显 没有 打算 讲得 更 深入 私 以为 90% 以上 校园 欺凌 事件 根源 都 原生 家庭 问题 脱离 开施 害者 角度 讨论 都 缺乏 说服力 创作者 更 关注点 放在 两位 少年 成长 情感 上 影像 表达 细腻 动人 情绪 一层层 堆叠 人 推向 一种 深层 绝望 挣扎 千玺 表演 很 人 惊喜 尤其 监狱 那场 对视 戏 周 冬雨 很稳 学会 后背 演戏 整体 很 不错 剧本 方面 稍 欠缺	21	1.0
喵喵喵	挺 期待 中国 拍出 校园 喜欢 相关 议题 ⋯ ⋯ 曾 经历 ⋯ 特别 难受 😣 曾国祥 真的 拍出 真实世界 导演 青春片 不 花样 浪漫 少年 这般 深入 骨血 不得不 说 两位 主演 角色 之间 建立 信任 人 羡慕 不已 保护 世界 保护 只 相信 对方 多么 可贵 ⋯ ⋯ 配乐 部分 真的 很 强大 音符 片段 配合 天衣无缝 个人 认为 这部 国产片 改变 青春片 流量 看法 挺 值得	1808	1.0
seabisuit	都 不想 做 嗜睡 正义 不提 删改 应该 包括 故事 字幕 交待 发生 2011 年 重庆 相差 八岁 成熟 稚嫩 相抵 融合 反应 小 周小易 表演 出乎意料 好 可惜 没有 匹配 奖项 提名 表彰 不 喜欢 七月 安生 后半段 审讯 折服 有太多 玩味 触及 人性 家庭教育 社会 戏眼 镜头 前半段 还 不解 女 反派 用力 过猛 原来 未来 还 藏 更 大 boss 身后 注视 少年 成年 帮着 掩埋 判决 粉饰 岂止 校园 好看	17	1.0
鹤归山ubelongto	与其说 主演 路 人粉 倒不如 挺好的 粉来 形容 更为 贴切 这部 挺好的 从定 档到 撤档 再定 档 寄予 太多太多 厚望 赋予 太多太多 期望 今天 挺好的院 里 走一遭 只能 说 值得 等待 值得 期望 值得 这部 挺好的 反映 现如今 社会 角落 正在 发生 事情 逃避 无法 解决问题 直面 问题 才 正确 选择 两位 主演 演绎 非常 用心 周 冬雨 演技 一如既往 牵动 心 易 烊 千玺 很 惊喜 靖安 寺司 丞 李泌 小北 粉丝 观众们 交了 一份 满意 答卷 少年 未来 期 好 说 一看 我要 去 推荐 身边 朋友 去 看	2220	1.0
冰红深蓝	1 一部 都 深深 共情 青春 残酷 物语 终于 大 银幕 上 呈 露出 校园 好看 冰山一角 高考 精神 恶战 欺凌 身体 戕害 罪与非罪 心灵 拷问 无处不在 压抑 助推 恰如其分 情感 爆发 2 周 冬雨 易 烊 千玺 银幕 时刻 都 真切 逼人 恍若 洞穿 角色 灵魂 几场 哭戏 母女 通话 探监 无言 尤佳 令人 潸然泪下 3 大量 浅 景深 特写 大 特写镜头 刻画 人物 彰显 出 孤独 个体 自我 坚持 适时 手持 晃镜 破碎 剪辑 亦 影片 酷烈 气调 完美 融合 4 几个 互文 关系 边缘 人群 描摹 承接 春天 白夜 行 式 故事 内核 陈念 破旧 公寓 第一个 夜晚 镜头 营造 出 灰黑 可怕 景深 恍若 暗无天日 宿命 无尽 炼狱 令人 想及 幻影 凶间 中 无尽 无窗 墙壁 监狱 探视 时 二 脸叠影 同质 第三度 嫌疑人 5 废墟 中 强暴 场景 极具 美学 象征 意味 8.8 10	232	1.0
深海爆炸	值得 力荐 这部 超现实主义 校园 青春片 每个 人 里面 或许 都 找到 曾经 孤立 欺负 自卑 敏感 迷茫 逃避 每个 成长 路上 或多或少 都 会 遇见 烦恼 挺好的 名字 BetterDays 这是 一部 带 爱 希望 向阳 而生 挺好的 身处 阴沟 仰望 星空 陈念 抓住 愿意 拼 尽全力 守护 小北 相互 救赎 两个 少年 同样 陈念 小北 黑暗世界 唯一 不 覆灭 微光 不 打垮 信念 掷地有声 倔强 温柔 静谧 守护 不得不 承认 角落里 一种 青春 模样 两个 少年 成长 情感 相互 救赎 真的 太 感人 经历 最后 陈念 世界 报之以 歌 看 真的 哭 笑 😭 😭	342	1.0
掉线	B 无 意外 今年 华语 挺好的 最佳 质量 大胆 程度 题材 现实意义 都 宛如 一部 药神 校园 喜欢 这件 事上 浅层 批评 好看 深层 更是 直指 整个 社会 教育 缺失 成年人 青少年 自以为是 了解 冷漠 而小北 陈 念白 夜行 互相 舔 舐 却 无法 相认 情感 关系 极其 催泪 七月 安生 曾国祥 导演 水平 成熟 很多 大量 手持 镜头 特写 利落 剪辑 逼迫 音效 冰冷 残酷 压力 无处不在 少年 世界 压抑 人 喘 气 审查 原因 最后 三十分钟 略 拖泥带水 总体 来说 仍 今年 最 值得 去 影院 支持 作品 最后 周 冬雨 易 烊 千玺 演技 双炸	709	1.0
神奇宝贝皮卡丘	易 烊 千玺 演 真 好 特别 棒 挺好的 开头 是从 现在 回忆 过去 时间 正好 剧情 紧凑 不 拖泥带水 观众 带入 剧情 中 小北 念念 受到 伤害 时能 体会 处境 后期 还 非常 贴心 提醒 大家 防范 校园 喜欢 剧组 特别 用心 赞 👍	104	1.0
Culaccino	认为 少年 一部 力量 影片 力量 在于 唤起 唤起 大众 社会 责任感 唤起 大众 青少年 心理健康 问题 关注 唤起 旁观者 帮助 身边 受伤 同伴 冲动 学生 时代 没有 经历 校园 好看 看到 施暴者 得意洋洋 看到 过受 伤害者 畏畏缩缩 更 看到 事不关己 漠然 眼神 聚焦 校园 好看 零 容忍 切实 行动 这部 挺好的 具有 强烈 社会 责任感 校园 好看 问题 上 每个 人 都 经历 或许 施暴者 或许 受害者 更 旁观者 愿 此片 汇聚 共同 抵制 校园 好看 力量 伸出 双手 守护 光明 希望 觉得 四字 弟弟 开创 一片 新天地 打破 大众 流量 认知 眼神 很 有戏 情感 处理 非常 细腻 情节 展现 淋漓尽致 感觉 弟弟 真的 走进 人物 人物 感同身受 演员 易 烊 千玺	432	1.0
SLAM	看 完 不 知道 说 好 希望 这部 挺好的 社会 更加 关注 校园 喜欢 周 冬雨 演技 真的 很棒 俩 还 挺 cp 感 弟弟 真的 惊到 没 进 科班 学习 前 竟然 拍 好 特别 眼神 好多 地方 看到 眼神 一下子 动容 完全 感受 情感 期待 弟弟 以后 作品 郑 警官 演 很 好 特别 说 小北 死刑 那段 平常 大家 知道 校园 喜欢 都 不 学习 学生 挺好的 演绎 同样 好 学生 不是 明白 欺负 关注 焦点 看 完 心情 很 沉重 值得 二刷	101	1.0
宋雯婷	题材 很 价值 演员 很 卖力 挺好的 本身 不 喜欢 原因 如下 1 人物 太 扁平 反派 好看而 好看 整个 故事 人 光彩 出 念北 二人 否认 事实 行动 中 2 情节 太 冒进 比如说 二人 相识 第一次 亲嘴 情节 施暴者 武力 值 极其 不 稳定 没有 可信度 全片 很多 类似 生硬 处 明显 先 骨架 再塞 筋肉 很多 地方 骨肉 还 没有 长好 3 特写 太 一部 自信 挺好的 不会 特写 更 不会 眼泪 参考 海边 曼彻斯特 说 一下 演员 表演 俩 主演 水准 很 高 配角 吴越 之外 基本 翻车 个人 审美 不 太 喜欢 冬雨 这次 表演 没有 技术 问题 哭太多 显得 处理 重和重 相反 片中 母亲 吴越 表演 处理 基本 笑 演 倒 演出 人 苦难 适应 重点 夸 一下 四字 长安 演 更好 稳 活 气质 角色 气质 熨贴 喜欢	92	1.0
没猫	不 知道 人们 青春片 定义 早恋 堕胎 狗血 一眼 过去 嗤之以鼻 少年 不是 身处 阴沟 仰望 星空 生活 致命 一击 属于 小北 没有 希望 生活 没有 关爱 没有 目标 看不到 未来 穷困 落魄 只能 武装 靠够 硬 拳头 生活 属于 陈念 莫名其妙 卷入 风波 无休止 校园 好看 整日 胆战心惊 想要 高考 改变 普通 高三 学生 两个 苦难 人 相遇 不 知道 救赎 命运 唯一 礼物 好难 生活 好 不 公平 旁观者 好 冷漠 世界 保持 善良 陷入 黑暗 希望 人能 黑暗 中 做 光 学会 勇敢 所有 不公 抵抗 不 知道 所谓 没 看过 一星 带 粉籍 一星 流量 一星 看过 以后 再来 改 朋友 到底 看过	104	1.0
唐宋	易 烊 千玺 演 真 好 演出 一种 难能可贵 少年 感 每个 人 青春 其实 事后 回忆 美好 身处 感受 一种 不 确定 痛苦 挣扎 少儿 总是 扮 老成 去 反抗 去 保护 保护 别人 其实 心里 留下 美好 对待 这种 挺好的 审 人 完全 自信 挺好的 从来不 杀人 刀 不是 草庐 高 堂上 闪着 金光 布景 应该 允许 挺好的 展现 现实 粗粝 真实 最后 谢谢 攒出 这部 挺好的 人 看到 年轻 挺好的 人 成长 特别 好	262	1.0
小丹丹	两个 孩子 母亲 已经 不 适宜 不 愿意 浪费 陪伴 孩子 时间 去 接触 常规 意义 上 青春片 这次 吸引 走进 挺好的院 孩子 成长 守护 相信 疼痛 影片 基调 暗 灰白 灰白 冷漠 社会 漠然 人群 自私 个体 … … 少年 却是 鲜活 想 反抗 想 改变 想 逃离 … … 正 少年 间 感情 才 愈发 美好 温暖 ! 说实话 爱 这种 反差 不 刻意 不 迎合 敢于 揭示 勇敢 爱 所有 导演 不 刻意 制造 观众 感受 深刻 人物 细微 琐碎 随机 注定 仿佛 积攒 成 一股 力量 森 冷却 蓬勃 这种 反差 反而 很 抓心 人 生疼 心痛 却 无语 凝噎 17 岁 易 烊 千玺 演绎 小北 着着实实 老 阿姨 疼痛 一把 不得不 承认 努力 天赋 孩子 好好 走 路 还 很长 看好 玫瑰	95	1.0
汪金卫	2011 年代 设定 当代 手机 通讯 严重 bug 冲突 已 表明 挺好的 无奈 被动 很多 刀子 片头 片尾 棉花 糖式 包裹 下 公映 版 尺度 已 大幅 削弱 全片 大量 特写 近景 镜头 捕捉 角色 细微 情绪 变化 还好 两位 年轻 主演 经受 住 镜头 考验 大 银幕 上 没有 露怯 表演 可圈可点 全片 情感 都 用力 过猛 之感 仅周 冬雨 哭戏 至少 十场 台词 控诉 过于 直白 保护 世界 这种 话 更显 幼稚 校园 好看 题材 展现 突破 国产片 已属 难得 依旧 难 掩 东野 圭 吾 小说 非常 相似 剧作 平庸 反派 死于 话 几个 主要 角色行为 动机 性格 转变 方面 经不起 推敲 看 完 金马 提名 台片 好 确实 很难 吹 爆 此片 三星 半	28	1.0
文森Vincent	整体 高于 预期 少年 仍旧 嘉年华 过于 仰仗 社会 话题 演员 表演 推动 观影 情绪 作品 视听 风格 实际 没有 嘉年华 完整 流畅 统一 影片 青春 校园 喜欢 间 论述 挺 模糊 导演 编剧 做 处理 无非 不断 累加 戏剧性 冲突 表演 达到 使 观众 完全 进入 一种 无法 客观化 激进 批判 状态 后半段 添油加醋 自我 感动 设计 简直 不要 太 ★ ★ ★	66	1.0
顗礼	正义 无奈 理想 无能 操蛋 世界 谋杀 未来 世界 这样的话 还 愿意 孩子 生 出来 这句 台词 写 出来 拍 出来 镜头 语言 跟前 文 铺垫 呼应 出来 年轻 主创 团队 赢 大 人们 口口声声 说 保护 少年 最后 校园 好看 问题 最 深刻 反思 真的 太 勇敢 中后 段 审讯 室 部分 大概 近十年 不 应该 本世纪 以来 最高 光 青春片 段落 二人 互为补充 空间构图 大人 少年 间 理想 现实 博弈 超高 光 阴阳 脸 对比 声画 契合 度 惊艳 可怕 蒙太奇 太牛 逼 BTW 曾国祥 正式 成为 最 适合 拍 东野 圭 吾 中国 导演	46	1.0
握不住的灵魂	一部 披 校园 好看 爱情片 整齐划一 围观 一意孤行 反派 公正 严明 询问 老派 成熟 前辈 孤立无援 主角 全部 功能性 营造 影片 气氛 导致 整体 感觉 情绪 大于 角色 情绪 共鸣 来自 影片 之外 社会 问题 少数 台词 放置 三天 罐头 汤 听得 跳出 几场 戏 太棒了 男孩 女孩 一起 小北 眼泪 陈念 脸上 陈念 眼泪 小北 脸上 忍住 不 哭 人 永远 比哭 一方 更 难受 导演 很 擅长 激发 两个 演员 间 表演 张力 单独 一人 还好 俩 人 一起 简直 几何 式 增长 这是 表演 上 不可 求 互相 成就 ps 尹 昉 表演 空间 更好 删减 痕迹 导致 地方 转折 莫名其妙 角色 NPC 化 背后 取舍 折中 不得而知 需要 能够 呈现 多样化 世界 需要 更 人 保有 社会 责任 担当 看到 题材 现阶段 必须 鼓励 支持	40	1.0
谢谢你们的鱼	当然 一部 教育部 会 害怕 挺好的 反霸 凌 背后 一种 真正 反叛 精神 一种 成人 世界 不 信任 才 少年 本质 所在 毫不 夸张 地说 本片 林 岭东 学校 风云 之后 最好 讲述 残酷 青春 华语 挺好的 那种 力量 那种 残酷 感 那种 遭遇 删改 依然 汹涌 深刻 都 人 所有 主创 肃然起敬 70 年 之际 大部分 挺好的 都 讲述 世界 会 好成 本片 春天 解释 世界 没有 好 才 更 存在 意义 希望 本片 人 最后 一次 袖手旁观 鼓起勇气 世界 黑暗 发起 反抗 挺好的 力量 不止 力量	125	1.0
skr一下	无意间 哔 站 看到 这部 挺好的 预告片 剪辑 看 之后 觉得 非常 吸引 这么久 挺好的 终于 上映 第一 时间 去 看 总体 来说 不负 期待 剧情 演员 演绎 都 十分 喜欢 周 冬雨 演技 真的 神 看 哭 心 跟着 碎 四字 弟弟 新人 影后 搭戏 表现 非常 不错 眼神 台词 细节 处理 都 很 好 觉得 最 值得 夸 挺好的 配乐 能够 人 瞬间 带入 剧情 里 很 喜欢 导演 小人物 配角 人物 刻画 希望 每个 人 绝望 都 不要 丧失 希望 有时候 觉得 孤立无援 其实 很多 人 都 站 身边	77	1.0
干嘛呢干嘛呢	小黄 鸭 弟弟 组合 诚不欺 周 冬雨 不愧 影后 感觉 七月 安生 上 几个 层次 一帧 都 感染 刘 北山 真的 太帅 想要 小北 千玺 人 惊喜 太大 眼神 真的 会 说话 探监 那场 简直 全场 高光 期待 演员 千玺 更 精彩 曾国祥 导演 太会导 剧情 灯光 音乐 看着 真的 一种 享受 总有 人 会 拼 尽全力 守护 总有 少年 这部 挺好的 里 校园 欺凌 一种 无比 真实 艺术 形式 呈现 大家 没有 逃课 没有 堕胎 没有 车祸 软弱 逃避 恐惧 还好 最后 导演 希望 PS 高考 备考 场景 真的 过于 真实	734	1.0
王祖贤	看 完 更新 今早 看 挺好的 之前 看 热 搜 有个 热 搜 警方 通报 大连 10 岁 女孩 被杀案 看 好 难受 现在 工作 已经 工科 喜欢 看 青少年 犯罪 系列 书籍 可能 是因为 个人 喜欢 可能 是因为 年代 话题 都 关注 不够 更 可能 法律 不够 完善 每次 青少年 犯罪 事件 发生 都 人 难受 悲从中来 挺好的 总体 讲 青少年 心理健康 问题 两个 依靠 孩子 世界 压制 新 生活 很 向往 抱住 希望 救赎 整个 剧情 都 感动 几处 30 加 妇女 差点 溃不成军 两个 主演 感情 都 拿捏 很 好 那种 隐忍 那种 对生 希望 挺好的 好像 关注度 挺 高 希望 大家 戏对 青少年 心理健康 给予 更 更 关注 希望 法律 能够 尽快 完善 希望 每个 孩子 都 生活 阳光 下 希望 每个 孩子 都 怀抱 希望 都 希望	690	1.0
胤祥	其实 上映 第一天 看 相当 不错 柏林 新生代 妥妥 不 撤片 可能 观众 奖 周 冬雨 相当 精湛 高龄 演 高中生 都 没有 问题 预定 明年 表演奖 不提 原著 不 说 审查 剧作 完成 不错 主线 上 很 用心 单说 少年 逻辑 拿来 做 核心 动力 相当 值得 表扬 放弃 现实主义 面向 借用 一种 混合 大半 韩国 挺好的 小半 日本 挺好的 方法 视听 上 做 很 到位 不用 再 强求 可信度 比起 连篇累牍 讨论 校园 好看 更 值得 讨论 高考 工厂 新闻 影像 收编 进 文本 收编 方式 效果	13	1.0
欢乐分裂	黑暗 中 共生 光明 中 跟随 太 干净 真的 相当 催泪 不得不 赞叹 曾国祥 演员 调教 能力 不得不 承认 两位 主演 选角 契合 大量 紧贴 脸部 大特写 几乎 毛孔 清晰可见 表演 经得起 摄影机 这般 长久 凝视 这是 少年 才 冲动 热血 这是 少年 独有 果敢 无畏 都 不会 少年 审讯 重头戏 顶光 直贯 下 身上 脸上 落下 阴影 才 共同 守护 秘密 眼角 隐隐 泛起 泪 命运 共同体 密码 一刻 终于 成为 日光 下 一道 阴影 成为 生命 中 一道 伤痕 揭秘 真相 回溯 拍 非常 有力 闪回 记忆 碎片 拼凑 信息 惊鸿 一现 念头 不愿 想起 瞬间 都 英语 三种 基本 时态 中停 伫 回温 释放 探监 室 玻璃 上 倒影 重叠 模糊 享受 光 折射出 红影 此刻 终于 肩并肩 走 日光 下	540	1.0
孟浪	更 像是 中国 版 寄生虫 校园 欺凌 犯罪 推理 构成 社会 寓言 两大 提喻 手段 阶级 固化 讽刺 人性 之恶 拷问 才 整部 挺好的 最 隐晦 最 本色 指向 影片 最大 妙笔 没有 人物 进行 绝对化 处理 尤其 周 冬雨 一角 承担 伤害 隐忍 反扑 一系列 转变 使 挺好的 更为 深刻 内涵 人性 善恶 转变 有时 一念之间 受害者 某种程度 上 促成 恶 一部分 复杂 社会 链条 中 根本 没有 无辜 人 山城 重庆 空间结构 人物 人名 挺好的 中 化为 一种 只可意会 次 语言 司法 审判 高考制度 类 看似 构成 社会 平等 治理 政策 形成 皮相 之间 对比 当然 金句 台词 写 太过 直接 有点 不 符合 现实情况 结尾 急转 光明 套路 导致 挺好的 没有 更上一层楼	19	1.0
内陆飞鱼	忍不住 五星 两个 灵气 演员 执行力 极高 团队 完成 极具 感染力 故事 来自 现实 却 不落窠臼 压抑 解气 残酷 纯洁 周 冬雨 审讯 室里 一场 戏 小偷 家族 里安 藤樱 受审 人 印象 深刻 早就 看 短发 大肚子 女警 不 顺眼 回怼 真 好 看多 日本 挺好的 里 校园 好看 事件 题材 早就 免疫 没想到 国产片 拍 力度 痛感 高考 阴影 笼罩 下 校园 拍出 监狱 般的 压抑感 两个 无助 少年 两个 互相 取暖 善良 小 野兽 社会 大 笼子 都 概莫能外	81	1.0
心生	9 分 聚焦 校园 好看 话题 本身 已 非常 难得 那场 凌辱 戏 拍 真实 绝望 会 不 自主 想起 真实 案例 视频 越想 越 难过 周 冬雨 表演 一如既往 棒 藏 角色 背后 力量 赋予 角色 所有 情绪 角色 直达 观者 心里 一次 影后 级 表演 易 烊 千玺 非常 棒 准确 克制 最 触动 人心 哭泣 时 整个 脸部 肌肉 轻微 抖动 所有 无奈 愤怒 心酸 祝福 都 里面 两人 监狱 里 对视 那场 戏 没有 台词 情绪 会 几次 起伏 倒映在 画面 里 玻璃 上 很 出彩 一场 戏 两个 人 都 完美 消化 片子 一种 压抑感 融合 复杂 情绪 最终 汇成 压抑 源自 受好看 对象 内心 痛苦 扩散 影片 每个 角落 类似 悲剧 不会 就此 终结 期待 社会 不断 聚焦 凝视 产生 更 有效 抑制 力量 乐园 依旧 乐园 不会 成为 人 usedtobe	44	1.0
绵羊星	说好 保护 世界 保护 太好 哭 周 冬雨 陈念 易 烊 千玺 小北 组合 一起 丝毫 没有 违和感 好 完全 看不出 年龄 差 周 冬雨 太 适合 陈念 角色 那么出色 小北 角色 千玺 诠释 太好了 善良 勇敢 叛逆 见过 肮脏 想要 相信 世界 却 不敢 这种 内心 挣扎 演出 喜欢 眼神 戏 易 烊 千玺 演员 他太能 惊喜 当然 挺好的 内容 本身 大过 演员 挺好的 立意 挺 好 最 重要 看 完 挺好的 能够 注意 重视 挺好的 反映 出来 社会 现实 问题 这点 挺 好 当然 相信 世界 总归 美好 保持 最初 心 善良 看待 世界 善意 待人 最后 夸 一下 挺好的 团队 真的 太 厉害 希望 付出 一份 努力 都 有所 回报 少年	68	1.0
咱说	开场 打下 四星 底子 看得出 导演 很 用心 做戏 三分之二 处 小北 假装 强奸 陈念 一幕 出 很大 问题 往后 越 拖拉 越 扣分 没 文化 小混混 心甘情愿 喜欢 有着 远大前程 女生 去 做 替罪羊 本身 很 庸俗 价值观 设定 没 文化 人命 更 贱 第一 观众 都 知道 国产挺好的 结局 必然 犯罪 之人要 伏法 结局 既定 前提 下 编剧 还 去 编造 这种 替罪羊 情节 未免太 思维 定势 大胆 反常规 反正 最后 都 圆 回来 男女 主角 文化 程度 上 鸿沟 已经 决定 俩 人 未来 价值观 人生 诸 方面 鸿沟 俩 人 未来 一起 可能性 非常低 前面 所有 情节 铺垫 都 没有 观众 看到 这俩 人爱得 死去活来 男方 义无反顾 地要 做 替罪羊 程度 俩 人 连小嘴 都 没 真的 亲过 一回 更 缠绵悱恻 当然 国产挺好的 不许 未成年人 相爱	150	1.0
Z❤9979	看 完 首映 接下来 还 想 再 刷 几次 不是 陈念 都 遇到 默默 保护 爱 小北 生活 底层 想要 保护 人 有着 渺小 希望 有着 想要 改变 喜欢 女孩 命运 目标 四字 弟弟 小 黄鸭 对视 那场 戏 真的 鸡皮疙瘩 直接 人 带入 世界 演技 真实 很棒 剧情 清晰 人物性格 不 脱轨 剧组 所有 场景 真的 有心 感谢 朋友 带 看 本来 还 怕 会 学生 时代 时 看 小说 出入 男女 主演 技圈 粉 小黄 鸭 熟练 演技 饰演 高中生 陈念 毫不 违和 更 意外 四字 弟弟 演技 落泪 对视 无声 眼神 回应 警察 时 问话 一幕 都 演活 或许 小北 小北 四字 弟弟 …	58	1.0
影志	往前走 一定 后面 后面 干嘛 披 床单 司机 … 哈哈哈 周 冬雨 真是 百搭 对方 都 会 衬 搭 很 好看 易 烊 千玺 出息 表现 竟 超出 预期 喜欢 人 想 最好 结局 赢 才 不算 输 保护 世界 保护 挺好的 透露 少年 气 意外 惊喜 世界 欺负 人想 保护 最后 警局 审讯 戏 成为 情绪 制高点 拯救 无辜 负重 … 包裹 出 挺好的 温暖 厚度 身边 观众 哭 倒 一片 经历 少年 20 年 后 更 懂 纯粹 青春 生活 阴沟 里 依然 仰望 星空	524	1.0
我想要两个西游	挺好的 少年 上映 去 看 原著 小说 小说 不 长 花 几个 小时 看 完 残酷 青春 里 算是 文笔 不错 玖 月 晞 喜欢 场景 细微 描写 展现 人物 内心世界 带 点 痞气 男孩 经受 校园 欺凌 却 瘦弱 无助 女孩 小小的 花 年纪 却 经历 不该 小小的 花 年纪 却 经历 不该 经历 黑暗 忍受 不能 忍受 忍受 也许 世界 充满 恨意 也许 世界 不抱 期待 还好 遇见 如同 一缕 暖暖的 阳光 撕破 黑暗 照进 世界 两个 同样 孤独 人 相拥 取暖 看 小说 自动 带入 两个 主角 脸 发现 导演组 选角 真的 超级 符合 瘦瘦小小 小 黄鸭 北野 本野 千玺 弟弟 千玺 弟弟 演技 真的 人 惊喜 周 冬雨 演技 算 一众 小花 里 拔尖 挺好的 真的 很棒 诚邀 大家 一起 去 挺好的院 观赏 ❤	593	1.0
熊阿姨	易 烊 千玺 一夜 炸裂 两个 年轻 演员 表演 最 浓厚 滤镜 所有 情节 逻辑 台词 理性 判断 都 让位 二人 巨幅 面部 特写 情感 冲击 周 冬雨 演出 雀斑 眼泪 不同 层次 弟弟 人 倒吸 一口 凉气 帅气 男演员 有性 魅力 才 珍宝 不得不 相信 二人 焊死 一起 坚硬 感情 高考 集体 PTSD 加重 观众 情绪 相比之下 反而 好看 背景 干瘪 扁平	320	1.0
酱汁面面	正好 年 华里 陈念 小北 经历 本不应 承受 痛苦 折磨 男女 主演 技都 在线 人能 很快 融入 角色 产生 共情 小黄 鸭 女生 剃 寸头 真的 很 敬业 这次 确实 被千玺 弟弟 惊艳 小孩 真的 不错 看过 十二 时辰 这次 看 少年 两种 角色 跨度 很大 都 驾驭 很 好 希望 弟弟 以后 一步一个脚印 继续 加油 身 处于 逆境 中 却 依旧 心怀 希望 想 这部 挺好的 带给 感动 心怀 希望 黎明 终将 到来 无论是 陈念 小北 屏幕 前 惟愿 一生 顺遂	565	1.0
Morning	三星 半 做 挺好的 分成 两 部分 提出 目标 实现目标 我会 觉得 几乎 拿到 满分 围绕 演员 状态 穿插 起来 前因后果 叙事 像是 一种 法制 陈述 专题片 叙事 借鉴 伴随 而来 剪辑 很 重要 包括 摄影 概念化 进行 到底 小到 内地 导演 还要 明白 内地 校服 样子 细节 上 团队 汇聚 力量 去 挑战 一面 实现目标 这一 幅度 内 觉得 乏善可陈 挺好的 主题 内核 实际上 逐渐 变化 种种 主题 点 观众 代入 臆想 反派 讲到 好看 好看 很 恐怖 讲 高考 高考 很 冷漠 讲 成人 成人 更加 无情 小 题点 上 不停 变化 没有 试图 更深 节奏 很 平均 常常 同样 大场 对话 戏接 一起 最后 讲 世界 一无是处 觉得 一种 内容 失控 比较 像是 有个 妇人 絮絮叨叨 不是 不能 听 不够 智慧	26	1.0
笔敢子	椅子 上 那滩 红墨水 眼泪 没 停过 整部 挺好的 弥漫着 脚踏实地 绝望 好看 高 考生 陈念 整个 故事 前景 掀开 藏 课本 后面 屠杀 写实 程度 恍然 觉得 看 一部分 人生 拼搏 口号 翻烂 书本 母亲 清晨 起床 背影 去 北京 改变命运 执念 走投无路 只能 哭 夜晚 全都 想 起来 而小北 母亲 同学 组成 后景 全都 追赶 直到 走投无路 高考 成 信仰 赋予 唯一 出路 可惜 青春 里 没有 小北 擦干 眼泪 走 出来 逼 成为 现在 大人 其实 最 感动 导演 拍 底层 不是 俯视 平视 悲悯 之中 满含 尊重 直视 眼睛 看 每个 人 拼 尽全力 地活 联想 挺好的 本身 命运 其实 欺负 孩子 保护 好 挺好的 保护 一部分 挺好的 未来	36	1.0
seabisuit	都 不想 做 嗜睡 正义 不提 删改 应该 包括 故事 字幕 交待 发生 2011 年 重庆 相差 八岁 成熟 稚嫩 相抵 融合 反应 小 周小易 表演 出乎意料 好 可惜 没有 匹配 奖项 提名 表彰 不 喜欢 七月 安生 后半段 审讯 折服 有太多 玩味 触及 人性 家庭教育 社会 戏眼 镜头 前半段 还 不解 女 反派 用力 过猛 原来 未来 还 藏 更 大 boss 身后 注视 少年 成年 帮着 掩埋 判决 粉饰 岂止 校园 好看	17	1.0
乌鸦火堂	生活 阴沟 依然 仰望 星空 或许 不是 青春 一定 最 深刻 青春 挺好的 题材 尺度 想象 中 大 拍出 现实 冰冷 温度 还 未成年 被迫 进入 成年 世界 中 尝到了 来自 现实 第一份 残酷 陈念 小北 两只 流浪 小 野猫 压抑 世界 野蛮 生长 对方 都 冰冷 世界 中 一抹 光辉 互相 慰藉 相互 扶持 卑微 人 聆听 风雷 勇敢 纯洁 人用 行动 打破 规则 所有 演员 都 很 精彩 不得不 说周 冬雨 演技 实在 太棒了 这次 柔弱 小女生 真的 颠覆 以往 形象 结尾 真情实感 带动 全片 气氛 面孔 经得起 大 银幕 考验 无数次 特写	1118	1.0
frozenmoon	1 嘉年华 题材 价值 大于 挺好的 本体 价值 当前 环境 下 拓展 国内 院线 题材 可能性 允许 前提 下 展现 凌厉 残忍 可能 到此为止 很 理解 地方 表达 上 处理 方式 2 残酷 青春 差不多 20 多年 前 概念 挺好的 重新 启用 一次 说实话 这种 青春期 杀戮 死亡 悲情 东西 搅 一起 故事 非常 可疑 一种 看似 底层 残酷 物语 形态 实际上 讲述 很 矫情 戏剧性 设定 真实 校园 好看有 更 真实 粗粝 处理 方式 但会 损害 商业 度 可能 无法 面世 题材 打磨 更 光滑 一点 可惜 3 易 烊 千玺 表现 真是 不错 不 知道 这是 技术 使然 感觉 使然 技术 确实 值得 期待 需要 反差 角色 验证 4 挺好的 节奏 问题 前 三分之一 很 迟缓 男女 主角 关系 进展 缺乏 理由	784	1.0
陆支羽	1 一代人 终将 长大 总 有人 正 少年 再 伤痕累累 失乐园 依然 会 有人 信仰 未来 2 不想 年度 最佳 青春片 冠冕堂皇 形容 值得 更 温度 赞叹 3 众所周知 这部 挺好的 诞生 已然 太难 真正 闪光 处 绝 不仅仅 只 在于 校园 欺凌 题材 触 碰 整个 社会 为此 付诸 努力 更 在于 那片 不可 言说 刺探 曾 每个 人 或多或少 经历 一种 残酷 青春 3 易 烊 千玺 小北演 有血有肉 不让 感到 惊讶 悟性 肯 努力 已然 突破 偶像 派 壁垒 银幕 首秀 4 而周 冬雨 脸 越来越 经得起 长久 凝视 再次 跳出 之前 所有 角色 窠臼 认真 塑造 半明半暗 陈念 5 继 七月 安生 后 曾国祥 导演 一次 成功 证明 创作 才华 摄影师 余静萍 手持 晃镜 熨帖 生活 质感 有着 宿命 气息	540	1.0
圆首的秘书	手法 议题 上 讲 都 一部 值得 鼓励 作品 挺好的 采用 策略 值得 商榷 比如说 用力 地去 拍 大特写 的确 人 视觉 上 非常 窒息 情感 上 很 疲劳 如果说 不断 流泪 还 揭示 内心 某种 情感 变化 这种 宣泄 方法 是不是 显得 过于 单一 贫乏 更 重要 这种 拍法 很 容易 就让 挺好的 陷入 失焦 境地 实际 情况 确实 好看者 一个个 浮出 水面 叙说 经历 好看 动机 依旧 付诸 阙如 好看 甚或 成为 次要 议题 真正 关注点 变成 演员 所谓 演技 当然 少年 商业 上 确实 非常 成功 走 一条 不 寻常 路 这种 拍法 满足 超出 大家 期待 观众 失去 某种 情感 道德 上 选择性 失去 复杂 社会 现象 探讨 空间 归根结底 不 需要 探讨 认同 商业 审查 同谋	49	1.0
锐利修蕊	叫嚣 喊 最 凶 反霸 凌 标题 原是 这部 挺好的 预告 联想 今年 发声 事件 某种程度 上 更 靠近 真实 青春 感到 骄傲 周 冬雨 一如既往 表现 惊艳 减 年龄 表演 本人 来说 算是 攻下 一城 易 烊 千玺 拿下 新生代 最会 演戏 口碑 这才 需要 偶像 演员 坏女孩 恶 表现 很 好 眼神 里 狠劲 没来由 深渊 无辜 吞噬 掉 晚来 青春 残酷 物语 曾国祥 绕 青春 篇 放大 耳鸣 这部 挺好的 振聋发聩 高考 后 那段 人 想到 李米 猜想 里 没有 人 关心 人 长大 才 学会 同情 不好 都 忘 挺好的 里 欺凌 欺凌 不是 一句 成长 遗忘 解决 反 成长 青春片 继 狗 十三 之后 生猛 萃取 进步 只能 活下去 成长 不外乎 最后 无 解 绝望 言极 无力 恶之果 推向 未来	65	1.0
已注销	全 影片 最 印象 深刻 前期 痞帅 小北 总 受伤 总 人 一种 安全感 人 觉得 好像 都 不用 害怕 包括 陈念带 许渺 回家 小北 跟着 走 那种 去 都 跟着 走 探监 室里 两人 见面 易 烊 千玺 哭 颤 颤 很 隐忍 哭法 好 真实 属于 男人 哭法 易 烊 千玺 真的 了不起 片中 虎狼 之词 小北添 不少 分 感觉 很 可爱 很 自恋 有时候 很 臭屁 押题 意思 不要 告诉 不想 知道 看 完全 易 烊 千玺 本人 分开 真的 转型 很 成功 周 冬雨 展示 101 种哭法 辛苦 演 很 好 四个 月 等待 都 值得 曾国祥 牛 逼 周 冬雨 牛 逼 易 烊 千玺 牛 逼 所有 这部 挺好的 付出 都 辛苦	6363	1.0
文森特九六	空间 中 死去 声音 中 窒息 不断 破坏 凝视 躯体 脸庞 肉身 魂灵 残酷 分离 一场 德莱叶式 受难记 影像 并非 局限于 好看 控诉 无形 之力 握住 创作者 手 高考 司法 阶级 甩 一旁 观众 焦点 操纵 局限 挺好的 本身 亦 经历 一场 漫长 折磨 片末 对视 叠影 迎来 命运 可能 缓释 回头 青春 凶狠 生活 恶毒 语法 词汇 课上 例句 描绘 乐园 幻想 憧憬 大概 些许 年少 生命 瞬间 地狱 里 真正 仰视 触 碰到 那片 天地 泪 中 雨 中 痛中 笑 中 相逢 中 告别 中 艰难 着重 生	111	1.0
唐朝	不 知道 算不算 近十年 或者说 唯一 看到 少年 控诉 抗议 成人 世界 最 直接 一部 中国 挺好的 这是 强调 长辈 权威 中国 文化 里 很难 看到 一种 情绪 表达 还 不断 遭到 扼杀 尤其 当成 人 代表 警察 时 更 困难 最后 男女 主 面对 警察 审问 时 保护 对方 自救 交叉 剪辑 呈现 两人 陈述 精彩绝伦 国产挺好的 里 从未 感受 轻蔑 成人 情绪 涌 上 心头 这是 国外 挺好的 某类 特定 国产 宣教 挺好的 司空见惯 情绪 表达 国产挺好的 里 第一次 来自 真正 意义 上 受害者 灵魂 控诉 任何人 不会 看 一部 挺好的 倍受 感动 更 了解 好看者 处境 现实 没有 上帝 视角 往往 充满 误解 偏见 看到 意识 问题 存在 才 更加 重要 这步 才 探讨 反思 可能 只会 沉浸 岁月 静好 幻想 中	18	1.0
法兰西胶片	曾国祥 好 有点 不能 理解 意识 拍 出 模拟考试 结束 后 全班 分数 重新 排座位 整个 班级 搬桌 搬椅 搬来搬去 知道 大陆 青少年 不 自觉 常识 搬 桌子 形态 校外 不良少年 打麻将 做成 生存 质感 上 呼应 生而 围困 出局 即亡 少年 远 不是 反 欺凌 覆盖 成人 毒 鸡汤 灌输 长大 一场 跳水 青春期 微妙 问候 热不热 硬 不 硬 惊悚 元素 活学活用 开场 自杀 戏 调度 剪辑 上 神功 高考 试卷 开封 镜头 切 挖掘机 镜头 有点 超出 想象 导演 神奇 一起 起步 周 冬雨 开挂 三年 神 演技 现在 真实 不可 阻挡 需要 封闭 空间 上 情绪 死角 中 制压 求生欲 调动 起来 所有 笑 哭 哭 笑 都 最 多义 特别 经得起 卡 额头 下巴 大特写 表演 坚定 弱者 天才	15364	1.0
岩井俊七	看 完 顿时 明白 本片 上映 路 坎坷 校园 欺凌 片 说 青春片 都 略有 偏 狭隘 嫌疑 想 表现 显然 不 局限于 青春 恋情 校园 这份 野心 明显 触怒 人 更 少年 两人 之间 自始至终 直白 性 吸引力 张力 之强 伪 XX 戏 一幕 成为 内地 挺好的 里 罕见 因性 而生 催泪 悲剧 力量 大胆 激烈 胸怀 大 抱负 挺好的 最后 呈现 却 仿佛 教育局 宣传片 普法 片 附身 心疼 少年 更 心疼 挺好的 人 卑躬屈膝 摧眉折腰 何等 地步 幸好 影迷 这些年来 都 练就 一身 好 武艺 都 知道 活下去 添附 改变 内容 挺好的 人 真正 意图 终 一天 会 少年 走 阳光 下 一条 想 走 街巷	91	1.0
爱吃火锅	黑暗 中总有 人 希望 光明 有点 温暖 片子 青春 成长 爱情 人性 引起 社会 关注 校园 喜欢 青少年 心理健康 很 意义 一部 挺好的 希望 世界 都 善良 温暖 人 主角 易 烊 千玺 周 冬雨 演技 都 很 不错 尤其 易 烊 千玺 表现 人 很 意外 着实 亮眼	212	1.0
朝阳区妻夫木聪	看 完 瞬间 竟有 些许 恍惚 真的 泪洒 影院 没想到 少年 凌厉 尖锐 一把 刀子 狠狠 插 社会 欢笑 天真 遮盖 阴暗面 上 陈念 小北 两只 没有 脚 鸟 惺惺相惜 只能 不停 飞翔 无奈 只能 不断 下坠 不断 跌入 深圳 光明 黑暗 一线 之隔 分道扬镳 却 殊途同归 两人 耳光 一种 孤注一掷 最后 温柔 陈念 多次 诘问 所有 观众 整个 社会 重重 拷问 社会 深层 淌 血 流脓 地方 扒开 展现 所有人 压抑 紧迫 人大 喘气 却 紧紧 牵动 所有人 看似 光明 结局 外加 结尾 和谐 段落 自然 妥协 嫌 理解 周 冬雨 发挥 出色 四字 弟弟 表现 惊艳 高考 展现 写实 代入 感 几场 戏 真的 想要 五星 说 今年 目前 院线 华语 最佳 不为过	138	1.0
张大水	印象 最深 三段 平行 剪辑 一是 誓师 会 要钱 交代 两个 人 命运 反差 二是 高考 发现 尸体 推动 人物 剧情 三是 审案 小黑 屋 刻画 两个 人 感情 两个 人 共同 对大 世界 抵抗 可能 重庆 拍 原因 特别 代入 感 滴 雨 黄绿 雨棚 摆在 书桌上 盖 过头 书 黄桷 树 堡 坎 都 瞬间 会到 想起 之前 混 社会 杀掉 初中 同桌 高中 好看 男生 最后 退学 几个 当事人 照样 考上 好 大学 事 最 惊叹 导演 了解 大陆 青春 誓师 会到 考完 搬桌 细节 其实 七月 安生 疑问 娄烨 都 带 不动 马思纯 都 能带 影后 演员 调教 能力 真的 太棒 几个 配角 演出 都 很 精彩 毕竟 是从 维多利亚 一号 爱 人	80	1.0
欢喜是喜欢	夏天 辗转 秋天 期待 很久 挺好的 每个 人 心中 都 一片 圣地 属于 想 所有 未来 去 保护 人 陈念 小北要 所有 未来 保护 人 那句 喜欢 人 想要 最好 结局 两个 遗忘 角落里 人 走进 生活 里 阳光 想 保护 世界 保护 少年 成为 信任 依靠 高考 完 变成 大人 从来 没有 一节课 教过 变成 大人 面对 成年人 世界 生活 黑暗 少年 却 依然 仰望 星空 相信 真实 相信 美好 相信 善良 相信 相信 本身 青春 疼痛 少年 总要 未来 抱 期望	5108	1.0
Bachelor	前期 压抑 真真实实 感受 压抑 陈念 渴望 希望 曙光 却 眼前 欺凌 抑制 压抑 直到 小北 出现 剧情 推动 主 故事 线 微弱 光 缓缓 晕开 剧情 治愈 方向 说 导演 这部 挺好的 班底 无限 期待 影中 运用 特写 简直 大胆 无比 值得 不得不 说 导演 真的 牛 无论是 导演 大胆 专业 主演 表演 呈现 亦 所有 剧组 辛苦 付出 无疑 都 挺好的 好评 奠定 基础 男女 主 对手戏 真的 行云流水 不 拖拉 演技 无疑 易 烊 千玺 演技 真的 特别 特别 吃惊 未 入学 之作 领悟力 真的 太好了 周 冬雨 演技 不用 过多 评判 影后 最好 牌匾 不得不 说 这部 影评 目前 看过 最好 文艺片 二刷 三刷 都 想要 再扣 细节 作品 青筋 暴起 嘴角 微颤 都 细细 琢磨 作品	156	1.0
骑着小猪上高速	很 深刻 题材 很多 挺好的 排过 感觉 这部 人性 描绘 更 深刻 两个 少年 挣扎 痛苦 希望 被易 烊 千玺 周 冬雨 非常 好 呈现 出来 保护 世界 保护 小小 少年 守护 希望 更 多层面 力量 去 保护 校园 孩子	4604	1.0
康报虹	心如死灰 胡 小碟 镜头 质问 观众 欺负 不 做点 从来 没为 做点 不再 缄默 不是 凌 霸者 最好 不是 不是 受害者 希望 不是 却是 沉默 大多数 摄影师 余静萍 晃动 镜头 摇向 不 关注 世界 藏 昏暗 街道 破败 一隅 世界 原生 家庭 扭曲 世界 黑暗 世界 偶尔 微光 闪耀 世界 真实 世界 世界 游离 日常生活 灰色 领域 边界 远 近 凌厉 剪辑 中 陈念 小北 面孔 渐渐 重合 混杂着 伤 泪 少年 面孔 上 光亮 最 糟糕 世界 最好 结局 这句 话 同样 适用 这部 挺好的 曲折 上映 过程 看到 羽翼 残缺 挺好的 幸运 温度 挺好的 不会 受 冷遇 态度 挺好的 不会 漠视 自由 挺好的 总能 冲破 牢笼	171	1.0
迦南Canaan	其实 本质 依旧 白夜 行版 三流 爱情故事 完成 情绪 非常 到位 后来 想 想 可能 更 适合 娄烨 故事 稍微 磨损 掉 锋芒 依旧 值得 赞扬 挺好的 之中 众多 议题 进行 大胆 模棱两可 描写 最 喜欢 镜头 陈念 身处 高考 考场 滂沱大雨 之后 隔 玻璃 窗户 过去 陈念 穿着 蓝白 条纹 衣服 大雨 冲刷 之后 看上去 一身 囚服 暗示 陈念 一念之差 铸成 大错 更 暗示 高考 学校 牢笼 这种 态度 大陆 大 银幕 上 出现 实在 太 震撼 这部 挺好的 周 冬雨 易 烊 千玺 相互 成就 周 冬雨 太 厉害 太 会演 四字 闭嘴 惊艳	86	1.0
二十二岛主	买 最早 9 点场 看 完 有点 恍惚 不 清楚 是不是 想 看到 少年 很 真实 有点 生硬 真实 在于 喜欢 人性 迷茫 最 直观 呈现 生硬 在于 挺好的片 头 片尾 求生欲 极强 和谐 导语 一看 后 配上去 美化 教育 法律 制度 台词 少年 最终 妥协 相信 原来 版本 会 更加 灰暗 更加 令人 心疼 陈念 问小北 保护 同样 问题 问 其实 根本 没 能力 保护 一部 挺好的 戏中 从头至尾 呈现 无力感 带到 戏外 没 办法 改变 校园 欺凌 现象 仍然 存在 现实 没 办法 完整 看到 一部 讲述 题材 挺好的 易 烊 千玺 很 好 小北 赋予 一种 成熟 稚嫩 间 徘徊 少年 感 正是 这一 角色 最 重要 特质 小北 成长 陈念 成长 易 烊 千玺 成长 曾国祥 创作 成长 成长 成长 希望 不是	7189	1.0
素木	个人 觉得 近年来 看过 最好 青春片 国内 高考 校园 好看 都 拍摄 太 真实 导演 真的 认真 探讨 校园 好看 问题 做到 大家 去 反思 不 做 施暴者 不 做 旁观者 不 做 沉默 少年 不 明白 道理 需要 大人 去 正确引导 需要 更 主体 去 正面 去 解决 易 烊 千玺 表现 实在 惊喜 特别 监狱 那场 戏 情绪 真的 表现 太好了 还好 结局 还 算 美好 希望 每个 少年 都 爱 守护 希望 每个 少年 欺凌 时 都 有人 站 出来 发声 少年 一天 都 betterdsys	144	1.0
刘在石的妈妈粉	想 问 影片 定位 校园 喜欢 青春 言情 高考 生活 致敬 嫌疑人 x 白夜 行 打着 校园 喜欢 题材 旗号 一丝 站 加害者 角度 深究 喜欢行为 背后 成长 心理 问题 原因 讨论 现在 法律 社会 机制 相关 问题 上 处理 弊端 没有 说 反派 狠 周 冬雨 脸 惨 不是 how why 弄 尴尬 高考 片段 主题 引起 辅以 共情 现在 觉得 这部 挺好的 剪 还 不够 135 分钟 实在 煎熬 后段 才 发现 原来 校园 喜欢 背景 幌子 更 离谱 直接 融梗 嫌疑人 x 白夜 行 套路 结局 表现形式 基本 都 极不讨 喜 投机取巧 换汤不换药 不得不 司马 脸 故事 毫无 深度 技术 原创 可言 挺好的 改编 后 节奏 情节 过渡 更是 惨烈 唯有 众人 演技 尤其 周 冬雨 对得起 大 银幕 …	3199	1.0
天天天蓝	应该 创造 世界 少年 成长 挺好的 主题 青少年 身心健康 成长 我国 密切 关注 重要 问题 都 知道 青少年 时期 形成 性格 关键时期 日后 性格 日后 做事 态度 青少年 时期 教育 起着 最为 重要 作用 挺好的 少年 中 展示 血淋淋 校园 喜欢 问题 校园 喜欢 确实 很 常见 挺好的 一点 很 好 真实 展现 毫不 遮掩 揭露 问题 第一点 最 重要 解决问题 挺好的 最大 感想 可能 会 陷入 黑暗 泥沼 这时候 有人 陪伴 拉 一把 世界 不至于 充满 绝望 不至于 放弃 世界 人 重新 鼓起勇气 面对 世界 重新 充满信心 未来 期望 真的 会 非常感激 便是 救赎 少年 强调 相互 陪伴 共同 救赎 一起 勇敢 地面 黑暗 一起 走向 光明 未来	9156	1.0
王晶	比较 触动 易 烊 千玺 演技 绝对 剧 抛 脸 完全 没有 长安 十二 时辰 中腹 黑小 狐狸 李泌 影子 叛逆 变拗 高冷 却 一心一意 念念 好 男孩子 眼神 看见 一种 执着 爱 不是 一种 甜甜的 喜欢 很 重要 这部 挺好的 主题 两个 孤独 人 相互 依托 共同 成长 故事 眼神 应该 一种 超脱 喜欢 之外 感觉 四字 弟弟 这种 感觉 演了 出来 可塑性 很强 小北 层次性 很强 角色 外冷 内热 叛逆 外壳 保护 内心 柔软 千玺 有把握 住 这种 感觉 没有 一味 地耍 酷	9145	1.0
刘小黛	生活 阴沟 里 有人 依然 仰望 星空 这种 题材 上映 非常 不 容易 看得出 剪辑 上 割裂 剧本 完成度 很 高 韩国 熔炉 素媛 现实 题材 类型 片 现在 见 少年 非常 可贵 学校 细节 真实 还原 世界 没有 未成年 成年 好人 坏人 差别 校园 好看 根源 都 家庭教育 失败 不是 贫富悬殊 表象 易 烊 千玺 演技 人 惊喜 终于 认 清楚 少年 脸 结尾 致敬 枝裕 第三度 嫌疑人 承转 牵强 彩蛋 有防 欺凌 宣传片 口号 无用 整体 教育 意义 社会 漩涡 会 善良 人 逼 绝境 都 欺负 却 不 做些 映射 旁观者 冷漠 期待 看到 完整版	115	1.0
睡觉是头等大事	昨天 一场 坐 无 缺席 后半场 渐渐 细细的 抽泣 声音 断断续续 久 不断 挺好的 太 惊艳 导演 镜头 控 细腻 大特写 孤独 自我 拍 手持 真实感 虚化 镜头 构图 恰到好处 冷冽 沉郁 四字 弟弟 周 同学 完美 诠释 剧本 年纪 刹那 芳华 阴郁 格调 下 守护 那片 仅 温存 剧本 触及 颇深 找 警察 找 老师 最后 才 找 家长 都 打工 维持 生存 去 细想 懂 社会 环境 现状 校园 好看 这种 事 影响 人格 一生 一辈子 都 过不去 人 最大 恶 不过如此 阴影 下 抬头 见 都 阳光 保护 世界 保护 中二 台词 著名 日本 小说 相似 设定 好 结尾 回归 初心 片子 真 了不得 如今 这种 华语 片不多 8.6	15	1.0
断点。	刚看 完 九点 场 很早 之前 这部 挺好的 抱 期待 今天 完成 心愿 想 说 一下 感受 挺好的 辐射 范围 很广 反映 现实 涉及 高考 原生 家庭 青少年 心理健康 问题 两个 少年 相识 跌跌撞撞 相互 救赎 互为 希望 依靠 只 信任 真的 这种 真挚 单纯 情感 感动 落泪 男女 主 表演 十分 精彩 很 戳 人 很 挖心 心中 小北 陈念 最佳人选 希望 所有人 多么 艰难 都 不要 失去 希望 不要 失去 信念 愿 青少年 都 能够 良好 环境 美好 心 最后 朋友 已经 约 去 二刷	214	1.0
第十九个	少 叙事 长于 抑和扬 尺度 把握 刚好 影片 基调 暗淡 暖 光 相辅 符合 主角 无助 希望 曾国祥 好会 拍 这种 片 七安 自我 超 阐述 很 深入 很多 隐喻 镜头 很 绝 看出 剧组 用心 很 开心 看到 无病呻吟 影片 越来越少 导演 越来越 敢 拍 能够 直面 现实 题材 不是 坏事 去 俯看 夹缝 面对现实 才 更 人情味 人情味 观众 心 良药 希望 世界 上 千千万万 小北 陈念 都 有人 去 爱 祝 找到 希望 最后 私心 说 一句 易 烊 千玺赛 高 👍 🏾 👍 🏾	62	0.9999999999999998
獨孤島主	时间 太久 不 记得 白夜 行 具体 展开 方式 不 讨论 问题 直觉 上 个人 觉得 少年 里 小北 陈念 情义 非常 逼近 王度庐 古城 新月 中柏俊青 对白 月梅 感情 那种 一生 都 失败 唯有 成功 彻骨 卑绝 好像 改换 年龄 差 少年 里 原样 复制 一遍 导演 绝对 没 功夫 读 这本 小说 挺好的 营造 出令 观众 完全 浸入 中国 景观 可能 有点 习惯 掐头去尾 斩 中间 国片 观众 感到 意外 上映 首日 几乎 所有 看过 此片 朋友圈 正在 日子 都 代入 资深 边缘 人 角色 这才 教人 大开眼界	14	0.9999999999999996
你是猪	这部 挺好的 真的 太 有心 身在 绝处 突然 眼前 出现 道光 小北 陈念 生命 中 道光 小北 不想 陈念 泥泞 里 努力 推向 美好 未来 设定 真的 太 戳 救赎 真的 很 感动 两位 主演 诠释 很 好 所有 情绪 都 很 到位 周 冬雨 一如既往 好 四字 弟弟 第一次 登上 大 荧幕 很 敬佩 导演 真的 很 有心 谢谢 好 挺好的 出现 祝 票房 大卖	11351	0.9999999999999996
獨孤島主	时间 太久 不 记得 白夜 行 具体 展开 方式 不 讨论 问题 直觉 上 个人 觉得 少年 里 小北 陈念 情义 非常 逼近 王度庐 古城 新月 中柏俊青 对白 月梅 感情 那种 一生 都 失败 唯有 成功 彻骨 卑绝 好像 改换 年龄 差 少年 里 原样 复制 一遍 导演 绝对 没 功夫 读 这本 小说 挺好的 营造 出令 观众 完全 浸入 中国 景观 可能 有点 习惯 掐头去尾 斩 中间 国片 观众 感到 意外 上映 首日 几乎 所有 看过 此片 朋友圈 正在 日子 都 代入 资深 边缘 人 角色 这才 教人 大开眼界	14	0.9999999999999996
谋杀游戏机	好久没 看到 真实 凛冽 有力 华语 挺好的 保护 世界 保护 看 完 心情 澎湃 无法平息 不负 这么久 期待 太好 导演 太好 两位 演员 摄影 配乐 都 很 出彩 诸多 近景 特写镜头 注视 下 素颜 剃平寸 周 冬雨 呈现出 继 七月 安生 后 最 质感 表演 彻底 跳出 同质化 角色 套路 多场 哭戏 都 演绎 深入人心 周 冬雨 再次 扎实 演技 证明 影后 实力	1029	0.9999999999999993
哲子12138	从来 没 经历 校园 喜欢 看过 别人 经历 从没 站 受害者 角度 考虑 以为 普通 打打闹闹 说来惭愧 题材 校园 好看 很多 挖掘 人 内心 东西 论述 故事 方式 主演 顶流加 影后 扮演 乖乖女 学霸加 小混混 演技 出色 剧组 出自 七月 安生 配乐 还 专门 出 OST 都 好 喜欢 多大 咖 媒体 人 都 看过 没 说 不错 真 不错 热度 早就 被告 人 根本 不是 抵制 不错 演员 偏见 不要 观众 指手画脚 观众 没有 义务 去 评判 是否 不错 上映 权利 花钱 去 看 原作者 出书 不去 抵制 出 书 上市 卖 不 大家 买 机会 翻拍 权利 造成 现在 局面 网友 骂骂咧咧 东西 根源 去 制止 骂 导演 演员 观众 毛用 不是 全民 抵制 不错 作品 不错 风气 彻底 消失 凡事 根源 去 解决	843	0.9999999999999993
晚不安	2010 年代 华语 青春片 泥沙俱下 势如破竹 面貌 出现 新一代 观众 面前 错误 观念 建立 拥护 不 甘心 人 力量 慢慢 聚拢 狗 十三 嘉年华 春天 少年 击穿 太平无事 下 赋 新诗 强说 愁 周 冬雨 雀斑 张雪迎 长满 粉刺 额头 都 刺破 光鲜亮丽 虚伪 第一步 事件 表现 事件 方法 坠 楼 挨 装上 铁栏杆 真实 限度 社会 议题 里 到底 现实 柔光 爱情 蒙太奇 结局 真实 可怖 眼泪 最后 目标 技术 类型 地下 市场 作者 导编 摄 剪演 完成 程度 团队 做 完全 部 选择 大部分 二刷 完 认定 摄影 最 突出 曾国祥 完全 证明 专业 优秀 导演 出色 在于 原本 深刻 极易 陷入 廉价 故事 拍 高级 药神	19	0.9999999999999993
烧焦的鱼	弟弟 演技 太 人 惊喜 哭 戏 处理 特别 棒 令人 十分 动容 导演 节奏 把握 很 好 拍 很 细腻 大量 近景 很 考虑 演员 演技 喜欢 这部 影片 表达 深层 含义 没有 生活 一帆风顺 底层 小北 依然 心怀 希望 生活 不是 一无是处 黑暗 星光 这部 影片 意义 真的 不 看到 曾经 强烈推荐 大家 去 观影	3986	0.9999999999999993
基瑞尔	实力 放大 版 悲伤 逆流 成河 继续 好看 给予 最 宝贵 真诚 关注 招牌 白底黑字 片尾 喊话 已经 心累 只能 正面 想到 陈念 找 有用吗 那段 呼喊 已 范围 内 最大 努力 感觉 两位 演员 很 好 电话 两端 隐忍 嚎啕 之于 周 冬雨 情绪 戏 控制 精准 体现 远景 处理 角色 形象 带来 本身 不多 台词 设计 尚算 新人 易 烊 千玺 减轻 莫名 压力 那段 距离 守护 同走 夜路 陪伴 每个 人 都 曾 渴望 善意	40	0.9999999999999991
改个名字	总有 人 曾 少年 这句 话 非常 戳 希望 学生 孩子 陷入 迷茫 低落 时 都 小北 找到 希望 温暖 信念 未来 两位 主演 易 烊 千玺 周 冬雨 表现 挖 心来 形容 毫不 夸张 说 即将 奔 三 这种 守候 给予 对方 希望 真挚 情感 打动 几度 眼眶 湿润 保护 世界 保护	843	0.9999999999999991
开膛手贝塔	细节 胜利 生活 胜利 矫揉造作 脱离现实 柔光 滤镜 姿态 暧昧 全部 撕破 面子 上 伸手 进 里子 拉出 黑色 蓝色 鲜红 透明 看 看到 里面 无奈 无助 无处 躲藏 无穷无尽 无处不在 少年 少年 样子 少年 样子 善良 不会 表达 知道 善良 样子	22	0.9999999999999991
后自愈	曾国祥 太会 拍 故事 人物 依然 发挥 七月 安生 中 长处 不停 穿插 闪回 倒叙 丝毫 不 显 杂乱 欺凌 之外 最 重要 最 戳 中 一点 拍出 两个 孤独 灵魂 碰撞 两个 孤立无援 人生 互相 拯救 处理 文本 曾国祥 留下 个人风格 陈念 小北 两个 人 那段 很 快乐 时光 很大 程度 上 影像 传达出来 灯光 运用 不断 特写 都 能够 感受 影片 两个 人 小心翼翼 保护 温柔 陈念 去 监狱 探望 小北 那场 戏 两个 人 一句 台词 都 没有 无声 胜有声 银幕 外 哭 泣不成声	165	0.9999999999999984
不良生	永远 不要 怀疑 人性 当中 恶 一部分 不要 以为 只会 存在 成人 世界 里 少年 宇宙 牺牲 甘愿 同样 软弱 欺凌 大人 森林 迂回 污秽 同样 有护全 真理 少年 是否 能够 对抗 大人 世界 无关 人性 幽微 有染 丰美 优沃 土壤 包裹 畸形 根茎 腐烂 黝黑 烂泥 栽育 清亮 生动 花蒂	20	0.9999999999999978
时间之葬	真正 年度 惊喜 目前为止 华语 年度 最佳 基本上 今年 嘉年华 题材 现实意义 想必 无需 赘言 令人 惊讶 曾 国祥 这次 方向 上 走 远 周 冬雨 易 烊 千玺 演技 爆发力 都 令人惊叹 尤其 无论是 大胆 板寸 造型 不易 察觉 细微 身体 抽搐 都 看似 弱小 身躯 里 蕴藏 极其 强大 能量 继 七月 安生 后 演技 第二次 蜕变 隐约 感觉 第二座 影后 奖 招手 最 喜欢 一场 审讯 室 里 不断 切换 招供 戏 无望 呐喊 更是 勇敢 控诉 两张 直视 镜头 脸 会 一年 银幕 记忆	1091	0.9999999999999969
匡匡	赢 才 不会 输 往前走 一定 后面 保护 世界 保护 害 两升 眼泪 影片 气息 比较 乱 剪辑 台词 都 有点 问题 所有 张力 皆 来自 两个 人 两个 特别 干净 人 痛苦 方 理解 救赎 痛苦 人 长大 标志 同情 一句 话 送给 两个 人 都 没有 爱 东野 圭 吾 白夜 行 想到 其实 狗咬狗 冠希 老师 凌厉 狠勇 少年	55	0.9999999999999969
口区	很少 看 挺好的 喜欢 曾导 叙述 方式 校园 喜欢 不 容易 忽视 问题 都 一群 上学 孩子 人会 坏 会以 欺负 别人 乐趣 受害者 做 错 魏莱 真的 要说 这种 表面 傻白甜 背地里 恶心 人 真的 想 打死 周 冬雨 易 烊 千玺 演 太好了 俩 个人 一哭 跟着 哭 😂 易 烊 千玺 演出 小混混 哈哈哈 混话 一句 一句 两个 相依为命 少年 走 出来 难 希望 以后 世界 所有 人 都 温柔 以待 所有 校园 喜欢 都 受到 惩罚	327	0.9999999999999958
巴伐利亞酒神	现代 挺好的 标准 看 几乎 一部 满分 作品 扎实 剧本 谱 班底 紧凑 剧情 在线 演技 不俗 调度 适时 转折 校园 喜欢 题材 及时雨 珍贵 残酷 青春 非常 煽动 观众 情绪 一种 类型 都 是从 高考 这座 大 山下 侥幸 逃出来 人 遍体鳞伤 疤 总算 有人 去 揭 觉得 越疼 这部 挺好的 拍 越 好	272	0.9999999999999956
天马星	影片 拍出 很多 青春片 都 没有 青春 本质 学会 长大 学 没有 人教过 不安 惶恐 孤独 梦魇 一点一点 吞噬 灵魂 只 影片 当成 简单 青春片 太小 看 影片 最终 探讨 人 人 阶级 属性 人 善恶 属性 这点 来看 影片 国内 版 寄生虫 二刷 之后 最 喜欢 导演 最后 一场 戏 处理 陈念 去 看守所 探视 小北 两人 都 没 说 两人 对视 对视 笑 哭 哭 笑 观众 已经 明 两人 已经 说 千言万语 最后 两人 坐 上 警车 陈念 最后 一次 小北 对话 其实 两人 坐在 两辆车 上 现实 中 两人 并未 对话 窗外 光 不时 两人 眼上 两人 未 对视 却 探视 时 对视 只不过 一次 光 话 带给 对方 多好 处理 两人 深刻 羁绊 光与影 交会 中深 深刻 观众 心里 挺好的 魅力	41	0.9999999999999929
桃桃林林	题材 做成 真的 很 不 容易 尤其 影片 影像 上 非常 特点 大量 特写镜头 拍 手持 碎片 式 剪辑 营造 出 强烈 恐慌 不安 感 这种 情绪 其实 角色 片中 情绪 影像 方式 最 直接 延伸 观众 易 烊 千玺 周 冬雨 表现 都 很 不错 起码 都 经住 大 银幕 特写 考验 都 变化 导演 其实 很多 小 野心 看看 处理 校园 空间 调度 赢 才 不算 输 很 伤感 很 中 二	6117	0.9999999999999916
西帕克	曾国祥用 显微镜 特写 捕捉 下 一张 脸 加害者 受害者 旁观者 细小 情绪 都 放至 最大 后半段 转变 推理 悬疑 互相 否认 却是 深爱 证明 虐 美 最终 归于 只 无形 手 少年 过早 长大 过早 跳入 那片 河流	35	0.9999999999999907
软绵绵瑞波特	题材 鼓励 1 ⭐ 其实 不太 喜欢 看 沉重 东西 容易 入戏 走 不出 心情 闷闷 其实 不是 校园 喜欢 亲历者 相反 学生 生涯 过得 很 顺利 张扬 旁观者 却 太过 迟钝 错过 机会 拉 一把 机会 想到 以前 有个 女同学 有点 邋遢 全班 男生 欺负 女生 背后 嘲笑 有时候 会 站 出来 维护 欺负 人 朋友 … … 后来 转学 从此 杳无音讯 或许 当时 应该 做 更 多一些 也许 真的 需要 感受 过痛 才能 真的 感同身受 作品 多一点 阴影 暗疮 暴露 光明 之下 方能 黑暗 驱逐	3586	0.9999999999999878
[已注销]	绝大多数 人 遭遇 喜欢 里 没有 爱 爱 人 感受 温暖 可惜 真正 黑暗 里 哭泣 人 看不到 拯救 光 💔 遭受 喜欢 痛苦 熬过来 遇不到 朋友 更 遇不到 爱 片子 很 矛盾 光暗 交织 盲山 嘉年华 并不相同 渴望 救赎 不止 不 想要 拯救 想要 回到 阳光普照 之下 觉得 情感 弥补 校园 喜欢 造成 伤害 实现 救赎 太浅	34	0.9999999999999833
[已注销]	绝大多数 人 遭遇 喜欢 里 没有 爱 爱 人 感受 温暖 可惜 真正 黑暗 里 哭泣 人 看不到 拯救 光 💔 遭受 喜欢 痛苦 熬过来 遇不到 朋友 更 遇不到 爱 片子 很 矛盾 光暗 交织 盲山 嘉年华 并不相同 渴望 救赎 不止 不 想要 拯救 想要 回到 阳光普照 之下 觉得 情感 弥补 校园 喜欢 造成 伤害 实现 救赎 太浅	34	0.9999999999999833
水星是蜉蝣	看 完 删掉 之前 所有 话 深深地 震撼 每个 人 都 可能 会 校园 好看 少年 做事 不看 后果 别人 做 做 会 排斥 会 欺负 好 学生 小混混 一边 如履薄冰 一边 寻求 希望 陈念 找到 希望 北京 小北 找到 希望 陈念 都 小心 重重的 守护 希望 微小 火苗 脚底 下 都 泥沼 抬头 却是 满眼 阳光 最最 深刻 影片 最后 陈念 小北 隔 玻璃 对视 易 烊 千玺 周 冬雨 演 都 好 绝 眼里 都 充满 爱 真正 爱 闭着 嘴 会 眼睛 流 出来 看过 最好 青春片 细腻 温柔 真实 质感 最后 生活 阴沟 里 依然 有人 仰望 星空	61	0.9999999999999774
亵渎挺好的	故事 层次感 做 非常 好 几股 力道 最终 指向 残酷 绝望 具有 社会 现实意义 主题 不便 明说 细节 还 挺直 白 生猛 片子 越往后 导演 水平 越强 第三幕 走向 男孩 女孩 内心 戏 之后 无言 高潮 像是 枝裕 第三度 嫌疑人 附体 导演 视听 语言 做 非常 优秀 这部 挺好的 里 一切都是 加 分项 很少 见 内地 审查 大 环境 下 还 做出 挺好的 创作 团队 很少 见 走出 挺好的院 之后 觉得 说 都 多余 遇到 挺好的 去 看 行	1738	0.9999999999999696
城南草木生	少年 真 好看 导演 摄影 演员 剧本 样样 好 曾国祥 好 易 烊 千玺 好 周 冬雨 好 余静萍 好 很多 好像 差不多 就行了 细节 都 感觉 较真 死 磕 片尾 看到 画 框 卢凯彤 名字 挺好的 写 一首歌 FLY 卢凯彤 这部 挺好的 摄影 余静萍 爱人 挺好的 拍 一半 还 去 重庆 探过 班 爱人 不 想 卢凯彤	35	0.9999999999999616
豆腐皮子儿	呜呜 呜呜 挺好的 还 挺 好看 校园 喜欢 应该 严惩 近日 看到 十岁 小女孩 未成年 犯罪 枉死 再 看到 题材 挺好的 真的 流泪 好久 看 挺好的 没 哭 女主角 周 冬雨 男主角 易 烊 千玺 演技 很棒 很 出色 来说 一部 很棒 挺好的 很 意义 挺好的院 观看	1496	0.9999999999999594
沙雕怂怂	真的 很棒 也许 曾 生活 黑暗 之中 总会 期望 看到 真正 光明 两个 少年 互相 支撑 走向 心中 光明 也许 都 不 容易 过程 几经 波折 黑夜 最后 总会 有光 挺好的 中 所说 保护 世界 保护 喜欢 人 只 想 最好 结局 挺好的 真的 值得	827	0.9999999999999201
氹氹仔	这部 挺好的 题材 很 现实 很 社会 意义 怪不得 艰难 两位 主演 年龄 差 很多 搭 一起 真的 很 适合 不会 人 出戏 冬雨 一如既往 发挥 稳定 金马 影后 四字 弟弟 接 这部 戏 没 科班 磨练 眼神 里 都 戏 青涩 表演 张力 不错 很 天分 金马奖 制作 班底 更是 这部 挺好的 保驾护航 不错	122	0.9999999999999016
Mr. Infamous	曾国祥 太绝 周 冬雨 易 烊 千玺 全程 有种 勒住 脖子 感觉 魏莱是 黑暗 郑易 无力 想要 陈念 艰难 北山 却 删掉 名字 隐喻 绝望 透 残破 生活 里 人 人 生生死死 地暖过 一回 竟是 烈 说 少年 心性 叹 再也 不见 奋不顾身 看 阳光 贴 脸上 二人 静默 无言 哭哭笑笑 愈发 觉得 人间 不堪 痛恨 欺凌 痛恨 高高在上 女警 痛恨 同场 影院 不 呵斥 嬉笑 几个 女孩 世界 同理 心 从来 稀罕物 希望 更多人 尤其 中小学生 看到 挺好的 更 希望 没有 人 需要 感同身受 至少 经历 残酷 到此为止 似乎 察觉到 撤档 后 修改 最后 看到 卢凯彤 名字 开头 胡小蝶 蝶 高楼 下坠	245	0.999999999999897
同志亦凡人中文站	少年 才能 说出 守护 世界 守护 誓言 白夜 行 剧本 植入 中国 高考 校园 好看 语境 曾国祥 东野 圭 吾 成功 实现 拿来主义 审改 结局 幸好 观众 都 不是 傻子 …	39	0.9999999999998541
alain.proust	看到 两种 表现 反思 少年 恶 方式 一是 直 喜欢 场面 二是 表现 少年 爱来 反衬 阅卷 场景 竟然 某种 可能 相反 意义 上 有点 华盛顿邮报 感觉 全片 高考 相关 镜头 处理 其实 暧昧 并非 猛烈 抨击 绝非 赞颂 整齐划一 中 分割 出 陈念 想想 刚 那句 不 交朋友 反抗 最大 力量 融入 直至 超越 实现 反抗 积极 ps 魏莱 真的 不是 吴磊演	132	0.9999999999998308
萨库拉	一片 沦为 易 烊 千玺 粉 不 金像奖 最佳 新 演员 说不过去 每个 高考制度 献祭 青春 人 都 哭 掉 一包 纸巾 都 说 做 挺好的 减分 过程 身为 编剧 最 幸福 事 看到 演员 摄影 音乐 剪辑 导演 人 都 剧本 加 分 尤其 曾 国祥 内地 观察 把握 足以 绝大多数 内地 导演 汗颜 真心 佩服	94	0.9999999999998279
btr	长宁 来福士 四星 半 曾国祥 一种 情绪 无法 言说 东西 影像 化 包括 利用 声音 能力 作者 风格 这部 片中 更 成熟 校园 好看 爱情 缺席 父 母 亲 社会 大 气象 挺好的 层次 足够 丰富 去掉 金句 后半段 节奏 更 紧凑 些 满分	38	0.9999999999997309
Paco	3.5 独 属于 大陆 负 能量 大人 敌 90 00 后 用心 触碰 这点 必须 先于 所有 提及 青少年 视角 专注 坚定 程度 超越 狗 十三 春天 专注 坚定 之下 一定量 娇作 夸大 亦 成 真实 必要 组成 并非 完全 自觉 正片 消极 求解 语气 头尾 安上 口号 化 外壳 显然 冲突 真面目 其实 嘉年华 现实 议题 中 不断 疏远 现实意义 无关 审查 姿态 更 纯粹 混沌 多义 能量 由此而来 更 无法 遮挡 小景 接近 滥用 得益于 易 烊 千玺 挺好的 脸 彻底 确认 © 曾国祥 许月珍 到场	155	0.9999999999996974
溺水沉舟	校园 喜欢 真的 值得 关注 孩子 身心健康 最为 重要 挺好的 主题 社会 关注 话题 主演 主创 用心 扩大 影响 希望 社会 越来越 关注 亲戚 小孩 校园 喜欢 深受其害 挺好的 价值 作用 一部 影响 有益 好 挺好的 👍	1337	0.9999999999996936
一只兔耳朵	青春片 的确 很 容易 引起共鸣 是否 曾 校园 喜欢 受害者 看到 凌虐 场面 会 太阳穴 突突 跳 教育工作者 我定 引导 好 小 雏菊 不 做 施暴者 遭遇 校园 喜欢 正确 解决 对待 近日 未成年人 保护法 重新 修订 挺好的 价值 表达 希望 引发 社会 未成年人 成长 深度 思考	1440	0.9999999999996705
江上	现实生活 太 这种 现象 无论是 小 地方 大城市 人口 集中 性格 各异 会 碰撞 争执 青春 很痛 不是 每个 陈念 都 小北 不是 所有 痛苦 都 迎来 光明 人 不 没有 信念 之前 特别 期待 挺好的 传达 信念 期待 大 班底 带来 视觉享受 期待 不 青春 演绎 整个 挺好的 制作 团队 真的 很 不错	198	0.9999999999996234
陶华碧	少年 这部 挺好的 裹 糖 屎 表面 看 剧情 精彩 好评 如潮 票房 喜人 演员 班底 强大 流量 演技派 演技 可圈可点 校园 喜欢 立意 深刻 有望 冲奖 好像 成为 一部 好 作品 剧本 改编 就算 不错 内容 都 删 还 原著 改编 东西 本质 上 讲 这部 挺好的 烂透 本质 上 腐烂 东西 不配 好评 得奖 明 知道 不错 还 去 支持 人 都 这条 不错 产业链 最后 一关 支持者 以后 没有 立场 去 反 不错 东西 所有 原创 作品 作者 侮辱 创作 侮辱 知乎 里 据理力争 人 两种 法学专业 文学创作 相关 是因为 知道 不错 法律 上 漏洞 我国 不错 定义 维权 多么 艰难 创作 原创 作品 多么 不 容易 这部 挺好的 双标 态度 更是 目前 所有 原创 悲哀 讽刺	231	0.9999999999996223
chou	挺好的院 哭 稀里哗啦 后来 采访 才 知道 原来 导演 拍 两个 版本 结局 一版 悲 走向 一版 现在 播放 很 开心 导演 版本 结局 两个 泥沼 之中 重生 少年 拥有 光明 无数 人 希望 … …	3909	0.9999999999995948
57	看 完 之后 感受 天才 枪手 不是 药神 很 类似 很 强 类型 片 手法 抵达 同样 强度 社会 现实 好莱坞 很 容易 成功 容易 套路 大家 都 倾向 宽容 原谅 不足 内 在于 这种 策略 广义 文化圈 意义 上 不能 工业 能力 提高 等同于 两种 坚硬 现实 反思 程度 加上 诸多 场外 因素 干扰 这会 造成 很大 混淆 跟风 式 夸奖 令人 不适 延展 讨论 少得 可怜 来说 片子 里 戏剧性 强化 出 令人窒息 上升 空间 你死我活 丛林 逻辑 最 重要 社会 背景 最 真实 部分	31	0.9999999999994316
冰桃雪梨	校园 喜欢 需要 重点 关注 问题 相信 金马 班底 实力 金马 影后 演技 千玺 演 太好了 少年 倔强 少年 痛 少年 想要 保护 全世界 都 淋漓尽致 表现 出来 四字 弟弟 前途 不可限量	679	0.9999999999991973
支离疏	平庸 导演 拍 可能 会 悬疑 青春 爱情 路数 上 迷而不返 中间 加些 校园 欺凌 点缀 宣传 上 打着 社会 意义 三观 正确 牌 这部 挺好的 好 在于 细碎 精准 描摹 出 整个 欺凌 现象 生态 青春 共鸣 爱情 感动 生态 中 艰难 耐心 萌发 没有 割裂 交融 五味杂陈 剪辑 太好了 频繁 跳跃 却 几乎 没有 无用 镜头 信息 传达 点到 即止 大量 闪回 交替 决不 拖泥带水 最后 部分 略显 拖沓 个人 以为 监狱 相逢 一幕 结束 比较 好 两人演 好 搁着 难 下狠心 剪去	130	0.9999999999987315
方枪枪	卧槽 看 过程 太 压抑 片子 真的 好 社会 现实 校园 欺凌 青春 故事 犯罪 悬疑 类型 混 搭 很棒 周 冬雨 演技 一如既往 精准 稳 易 烊 千玺 少年 未来 期 两人 最佳 男女 主 提名 毫无 问题	75	0.9999999999985121
阿暖	言情 校园 好看 高考 现实 三 部分 完全 割裂 好像 恶意 嫌疑人 X 白夜 行 不能 真正 合并 成 一部 挺好的 微妙 违和感 无处不在 说 这部 挺好的 锋利 宣泄 情绪 不 觉得 诚恳 铺天盖地 盛赞 大概 是因为 太久 太久 没有 一部 中国 挺好的 里 看到 最 基本 表达 欲 挺 悲哀	24	0.9999999999976001
蜉蝣	现实 题材 里面 强加 东野 圭吾式 悬疑 犯罪 结构 共生 主题 有点 互斥 没关系 导演 能力 两个 演员 演技 压力 之下 暗黑 痛感 全都 撑起来 停不下 流泪 颤栗 口号 中 茫茫 未来 少年 爱 执拗 坚硬	189	0.9999999999951021
眠去	周 冬雨 剃头 之后 背后 拦住 小北 仇恨 眼神 打了个 寒颤 最后 两人 探监 室 隔 玻璃 互望 那段 真的 五星 赞爆 没想到 更 喜欢 现在 挺好的 改动 后 结局 不是 小说 里 白夜 行般 两人 永远 走 黑暗 中 ps 想 郭敬明 导演 看看 究竟 拍才 校园 好看	349	0.9999999999896501
啾啾	学生 时期 青涩 年华 伤痕 笑声 谱成 不 完美 乐章 承载 不止 青春 疼痛 纯真无邪 爱恨 小北 念念 加油	503	0.9999999999872959
随便起一名儿	看 挺好的 首映 两位 主演 演得 很 出彩 情绪 无助 感 体现 很 到位 很 有共情 四字 弟弟 表演 很 惊喜 小 黄鸭 搭档 没有 输曾 国祥 导演 叙事 能力 很赞 五分	13845	0.9999999999853126
Heir	假 想 学 韩国 挺好的 没有 那种 压抑 环境 文化 硬生生 制造 压抑 中国 现实生活 没有 挺好的 中 无助 反面角色 太过 脸谱化 缺少 人性 制造矛盾 人物 两极化 一部 写实性 挺好的 太 失败 整体 挺好的 节奏 把握 不好 看 人 一阵阵 不 舒服 导演 人 观影 体验 这方面 还 需 加强	19	0.9999999999764062
LOOK	3.5 必须 说句 公道话 没有 分级制 情况 下 挺好的 确实 有点 为难 挺好的局 剧本 倒也不是 仅仅 搏 题材 环境 人物 人物 关系 都 很 立体 丰富 张力 展开 过程 非常 层次 直至 高潮 爆破 议题 人物 处境 真实 人性 抉择 展现 淋漓 结局 改了 不改 过于 震撼	308	0.9999999999764022
CharlesChou	种种 天生 限制 剧作 本身 过于 表面 反派 人物 弧为 零 没有 对恶 源头 描写 暗示 观感 上 输给 七月 安生 不少 单纯 表演 性质 题材 真的 不得不 夸曾 国祥 实力 剪辑 演员 情绪 调动 摄影 都 十分 成熟 四字 弟弟 直接 获得 代表性 角色 提名 都 应得	22	0.9999999999751004
鲍鲍	好 挺好的 现实意义 没有 滤镜 没有 玛丽 苏 青春 疼 这才 大多数 人 记忆 少年 男孩子 同样 没有 长成 大人 模样 却 愿意 保护 姿态 站 面前 想 会 更加 勇敢 宣传语 说 保护 世界 保护 其实 想 说 保护 才 保护 世界	4494	0.9999999999689981
无敌小仙女	校园 喜欢 受害者 随意 欺负 所有人 都 不 当人 看 书桌 椅子 全部 四分五裂 上 厕所 回来 书 永远都是 扔 地方 最后 逼 初中 都 没 上 完 回来 很 喜欢 看 这种 题材 小说 悲伤 逆流 成河 少年 都 看过 好多遍 小说 看边 哭 😭 2 部 挺好的 都 拍 挺 好 只想 更 人 意识 校园 喜欢 严重性	228	0.9999999999689826
一名已婚男士	看 半小时 现在 特别 压抑 小黄 鸭 转头 咬嘴 流眼泪 绝 所有 不甘 气愤 无可奈何 表露 无疑 ! 很 庆幸 庆幸 生活 父母 爱 我且 开明 家庭 生活 生活 明处 没有 经历 xybl 挺好的 很 好 演员 很 好 发人深省 不负 期望 ! 生活 阴沟 里 却 仍 有人 仰望 星空 明天 二刷 ! ! !	5567	0.9999999999496259
Stiles	一再 推档 势必 成为 今年 国产 话题 之作 开场 干净利落 闪回 人 瞬间 拉 进 黑暗 高三 回忆 大量 近景 特写镜头 力求 还原 真实 无限 逼近 人物 内心世界 无奈 人物 故事 里 符号 故事 编剧 一厢情愿 悲剧 摄影 真的 摩托车 穿过 隧道 里 光 审讯 室 里 逆光 通亮 脸庞 狱中 探视 窗上 两双 重合 面容 镜头 人物 表演 赋予 这部 挺好的 生气 故事 本身 去	11	0.9999999999461116
豆友197805313	感动 哭 周 冬雨 演技 超赞 完全 没想到 易 烊 千玺 演 之好 剧情 很棒 视角 独特 关注 校园 喜欢 总有 人 曾 少年 强烈推荐	2617	0.9999999999310072
倒了一水的桌子	挺 久 很 喜欢 现实 题材 挺好的 中国 现实 题材 比较 少 演员 表演 非常 戳 心脏 眼神 很 有戏 人 带入 导演 镜头 非常 舒服 很多 特写镜头 都 包含 很多 感情 比如说 一场 长镜头 人物 滑 角落里 小 雏菊 一种 暗示着 路边 小 雏菊 陪	652	0.9999999999168097
陈夏不喜欢冬天	青春 象牙塔 埋怨 老师 做 不 完 试卷 悄悄 喜欢 人 世界 大 总会 平凡 之外 故事 而小北 带 不能 经历 人生 披荆斩棘 走来 祝 都 坚持 坚持 相信 相信 有所 梦 有所 想 有要 保护 人 保护 人 勇气	1808	0.9999999999130915
墩墩	很小 听人 说 写 完 这道题 好 做 完 这份 卷子 好 中考 完 好 高考 完 好 去 更好 城市 好 熬过 段时间 好 成年 好 … … 好 真的 好 好多 人 说 帮 保护 最后 还 不是 一点点 挨过 也许 真的 有人 保护 不顾一切 不 知道 好 少年 回不去 少年 … …	42	0.9999999999123823
浅蓝	真的 超级 感染力 画质 有点 那种 暗 灰色 感觉 人 产生 一种 感同身受 情绪 千玺 弟弟 真的 很棒 不 知道 看到 小北 陈念 都 一种 想 哭 感觉 可能 太 感性 优秀 制作 班底 优秀 演员 真的 很 值得 推荐 很 值得 品味 记得 去 挺好的院 看 吆	668	0.9999999998807663
钢铁侠	看过 原著 小说 不 关注 说 挺好的 还原 小说 真的 太沉重 那种 仅仅 文字描述 带给 都 呼吸 都 痛起来 感受 那种 不能 代入 感受 … … 少年 本该 无忧 本该 花绽放 确有 痛苦 考上 大学 脱离 现在 离开 城市 重新 … … 多么 美好 多么 坚定 信念 真 希望 真的	30	0.9999999998488216
层林尽染	不是 意义 上 青春片 一定 看 系列 好 团队 好 演员 真的 深刻 讲解 故事 不是 阳春白雪 不是 情 情爱 爱 说 青春片 必须 调调 易 烊 千玺 演技 真的 颠覆 想象 太好了 很难 相信 未 专业 院校 系统 学习 17 岁 孩子 水平 那种 隐忍 张力 爆发力 都 一张 拉满 弦 弓 有的放矢 力量 经此 易 烊 千玺 完全 踏入 演员 行列 不再 流量 剧情 不 透露 真的 看 太牛	182	0.9999999998390241
dbren	影片 很棒 荧幕 需要 题材 需要 观众 目光 更多地 聚焦 普通 艰难 却 努力 活着 人们 身上 人 字 一撇 一捺 相互 支撑 多人 聚集 一起 撑起 更 人 大家 未来 下一代 未来 都 沐浴 阳光 下	1525	0.9999999997862135
想名字真头疼	喜欢 人 只 想 好 结局 聚焦 现实 写实 题材 容易 人 产生共鸣 青春片 不能 花式 无脑 浪漫 另一面 不 青春 展现 出来 国产 青春片 进步 观众 会 变得 审美 疲惫 挺好的 制作 班底 男女 演员 演技 原声曲 制作 都 真的 不负 几个 月 漫长 等待	2765	0.9999999997698501
卡蜜儿	优秀 制作 班底 挺好的 人有 挺好的 人 坚持 再 黑暗 阳光 透进来 都 不是 孤岛 演员 表演 人 惊艳 没想到 四字 弟弟 表演 天赋 高 期待 未来 周 冬雨 这次 突破 影后	1320	0.9999999997295521
无耻不混蛋	硬 不 硬 硬 毫无疑问 近年来 拍 最好 青春片 没有 国产 青春片 上 第一次 感受 令人 扼腕 痛感 这部 才能 称得上 真正 意义 上 聚焦 青少年 成长 现实主义 力作 导演 主演 看出 所有 主创人员 处理 题材 上 无比 用心 影片 每一处 都 透 真诚 保护 世界 保护 年度 最佳 cp 必须 颁 周 冬雨 易 烊 千玺 干净 凛冽 默契 十足 化学 感 爆棚	26	0.9999999995955959
额	马路 对面 走 没有 吭声 能够 默默 陪你走 一段路 很 开心 与其说 保护 不如说是 拯救 每个 人 一生 中 能够 遇到 好多好多 人 能够 遇到 幸运 光是 一点一点 照进来 很 温暖 冬天 太阳 没有 很 刺眼 暖暖的 很 温柔 我想许 美好未来 说 一句 易 烊 千玺 牛	3720	0.9999999995740076
海带岛	确实 不断 脑内 白夜 行 觉得 重点 不是 欺凌 独属 少年 大人 对立面 邪恶 爱 少年 之间 不知 后果 之重 冷酷 同样 不知 后果 之重 热烈 牺牲 强度 非常 极端 世界 大 人们 正义 束手无策 两个 人演 太 好 配得 上 奢侈 大特写 可惜 硬拗 金句 对白 前 30 分钟 人 扶额 后面 渐入佳境	29	0.999999999452442
打碟鸡	刚刚 看 完 首映 场 出来 第一次 两个 人 这种 相互 依靠 感情 感动 想到 以前 小学同学 长 胖 大家 歧视 没有 大家 讨厌 女同学 没有 去 帮助 一旁 默默 看着 看 完 这部 挺好的 其实 心里 还 挺 后悔 不 知道 女同学 想 当时 散发 一点 善意 会 不会 不 人生 校园 喜欢 永远 存在 去 帮助 受伤害 同学 才 探讨 话题 希望 引起 大家 重视	228	0.9999999994447901
星河长明	每个 小时候 欺负 孤立 小朋友 都 小北 陈念 身边 每个 小朋友 面对 好看 都 学会 反抗 更 人 愿意 勇敢 站 出来 会 不会 不 真的 好 谢谢 易 烊 千玺 周 冬雨 赋予 小北 陈念 鲜活 生命 感谢 小北 看到 不 易 烊 千玺 选角 真的 很棒 易 烊 千玺 真的 好 棒	1650	0.9999999991160509
城北有信使	刚 影院 出来 妥妥 四字 弟弟 圈粉 没有 接受 专业 学习 一点 不输人 眼神 太 神奇 会 说话 穿透力 第一次 看到 一双 眼睛 令人 心疼 眼神 里 透露 出 本身 年龄 不 成熟 感 真的 很 神奇 小北 太过 遥远 社会群体 小北 小北 真的 太有 塑造 力 永远 期待 不 设限 未来 赢 不算 输 易 烊 千玺 赢 小北 不算 输	92	0.999999999032668
变形的文科生	易 烊 千玺 没有 演技 但胜 一双 少年 老 陈 眼睛 周 冬雨 演戏 终于 摆脱 太妹 劲儿 几场 爆发 戏 拿捏 很 精准 很 力度 纵深 上 完成 整部 戏 节奏 总体而言 前期 外围 因素 折腾 造成 观影 期待 太高 看 完 反而 有点 失望	48	0.9999999990291017
云儿	有个 少年 心有 希望 心底 柔软 生活 环境 使 冷漠 世界 念念 出现 觉得 所有 未来 去 保护 流泪	587	0.9999999989961932
氧乐话多	知道 拍成挺好的 其实 很 担心 感觉 题材 好像 挺 挺好的 真的 一波三折 还好 终于 两个 小时 十五分钟 上映 听说 这是 18 年易 烊 千玺 还 没有 学习 专业知识 拍 真的 可圈可点 周 冬雨 自然 不用 说真的 剃 寸头 很 震惊 挺好的 太有 感染力 那种 窒息 感为 紧张 说不出 感觉 真的 很 不错 世界 上 恶意 少 一点 温柔 对待 身边 人 希望 大家 都 去 看过 这部 挺好的 再 评价	1891	0.9999999987462316
SY阿大	以前 懵懂 无知 不 知道 放学 后 男生 笑嘻嘻 堵着 不让 别人 进 教室 里 叮铃 哐啷 声音 打人 踹 人 撞 翻 桌椅 算是 当年 无情 围观 人 少年 成年 善良 都 一种 高贵 选择 希望 我能 谨记 周 冬雨 令人 毫无 压力 地入 戏 而小北 人 脸 声音 易 烊 千玺 真的 完全 不	164	0.9999999987231509
	易 烊 千玺 眼神 里 充满 故事 演技 很赞 挺好的 无论是 故事情节 流露 感情 细节 都 很棒 挺好的 很棒	291	0.9999999986108137
民事执行处	主演 周 冬雨 易 烊 千玺 选角 实在 巧妙 周 冬雨 演出 十七八岁 少女 毫不 违和 易 烊 千玺 演出 时 完全 脱离 以往 乖乖 小孩 印象 面前 执拗 满身 刺 深处 泥淖 自我 放弃 边缘 挣扎 问题 少年	12969	0.9999999986077046
1khz	少年 牛 逼 曾国祥 牛 逼 周 冬雨 易 烊 千玺 牛 逼 哭 抽搐 最后 却 治愈 明白 挺好的 英文名 会 betterdays 很 好 不 需要 任何人 祈祷 最后 小北 念念 三分钟 对视 戏份 载入 经典 世界 充满希望 今年 最 喜欢 片子 ❤ ❤	53	0.9999999984456316
1khz	少年 牛 逼 曾国祥 牛 逼 周 冬雨 易 烊 千玺 牛 逼 哭 抽搐 最后 却 治愈 明白 挺好的 英文名 会 betterdays 很 好 不 需要 任何人 祈祷 最后 小北 念念 三分钟 对视 戏份 载入 经典 世界 充满希望 今年 最 喜欢 片子 ❤ ❤	53	0.9999999984456316
zitsunari	抛开 被迫 修改 配音 后半段 情节 观感 不 舒服 更 像是 某种 抓马 虹孔 类型 片 借尸还魂 高考 相关 部分 不少 人物 关系 行为 逻辑 都 内地 现实 相去甚远 最 开头 2011 年 5 月 微信 界面 错误 呈现 已 说明 只能 架空 感 高于 切身 感 作品 三个 人物 之口 先后 夸男主有 多帅 更 透露 导演 急功近利	32	0.9999999982461292
我在这里呀	挺好的 绝对 不错 挺好的 7.5 分数 不错 原罪 挺好的 拍 好 选择 原著 剧本 底色 不配 上映 原创 最大 侮辱 真切 希望 创作者 坚持 尊严 不要 去 想要 不错 融梗 便捷 路径 发家致富 演员 爱惜羽毛 抵制 不错 作品 才 不会 资本 狂欢 才能 更好 原创 市场	25	0.9999999981952523
nannan有深度	原作者 作品 曾 不错 融梗丁墨 t 大 尾鱼 这部 融梗 东野 圭 吾 很 喜欢 弟弟 更 心疼 从小 看到 大 作者 原创 作品 喜欢 不 抵制 演员 演员 演技 确实 好 单纯 抵制 作品 抵制 编剧	11	0.9999999980924625
无事不登三宝殿	后半段 基本 都 哭 下来 校园 喜欢 真的 不容忽视 家庭 陪伴 教育 很 重要 承载 孩子 希望 曾国祥 真的 牛 逼 主创 牛 逼 四字 真的 惊艳 我妈 未来	769	0.9999999980804968
夏树	其实 文本 弱 台词 其实 不 像是 生活 中会 说 出来 男女 主演 技太 厉害 张力 极强 不合理 合理 一部 名副其实 演技 驱动 型 作品 周 冬雨 角色 拿个 金马 没 问题 四字 最佳 新人 很 有把握 可惜 这届 金马 不能 参加 轨迹 成长 下去 周 冬雨 下 周迅 当然 没有 审查 这部 挺好的 会 更 完美	15	0.9999999979147085
🐰🐱🐶	小北 念念 演 太棒了 👏 生命 中有 人 愿意 未来 去 一位 人 拥有 未来 大概 少年	395	0.9999999978509599
宋丹丹	十分 讨厌 这种 题材 情节剧 化 无处不在 无所不能 摄影机 几乎 审判者 试图 以有 选择 耸动 赚 眼泪 大团圆 人 虚情假意 安慰 出现 很多 陷入 不同 困境 人 都 写 非常 扁平 轮班 特写 里 喊 完 创作者 想 说 PTSD 犯 太 害怕 中学 生活 更 害怕 恐惧 这种 方式 拍 出来	1022	0.9999999977462133
古尔齐亚	剧情 角色 充满 回环 转折 却 合乎情理 剧本 细节 打磨 很 好 曾国祥 这部 作品 史诗 级 试图 层面 东西 叠加 一起 易 烊 千玺 不良少年 演技 很 惊艳	118	0.9999999973314149
凌睿	面对 坠楼 忙 拍照 发微信 盖 上 衣服 面对 欺凌 假装 没 看见 选择 报警 盖 衣服 成 下 欺凌 人 报警 遭到 疯狂 报复 袖手旁观 人 平安无事 制止 恶行 却 受到牵连 欺凌 没人管 欺凌 人 死 马上 受到 伤害 无法 得到 保护 犯了罪 绝不 少判 一天 当初 不 重视 遭遇 如今 却 想 尽快 结案 接受 法律制裁 人人 都 说 帮 其实 没有 人能 帮 受过 教育 不 一定 品质 高尚 没上 过学 善良 正直 家境 富裕 好 学生 其实 校园 好看 始作俑者 眼中 小混混 却 真正 付出 行动 保护 弱者 只 看到 打架 却 没 看到 欺凌 人 挺身而出 不会 无私奉献 不会 他会 帮助 实现 梦想 甘愿 献出 保护 世界 保护 赢 才 不算 输	27558	0.9999999971463245
(๑･傻傻･๑)	金马 影后 一点 都 不 担心 很棒 易 烊 千玺 属于 厚积薄发 型 演员 两个 人 表演 很棒 成片 效果 超级 好 太 期待 以后 角色 可塑性 挺强 绝对 值得 看 剧情 不 透露 最后 希望 曾 遭受 校园 好看 喜欢 对待 孩子 都 得到 救赎	241	0.99999999706966
幻期颐	反正 没人 在乎 好怕 说好 保护 世界 保护 这是 纯真 极致 故事 现实 绝望 中 夹杂着 强烈 希望 救赎 导演 编剧 感情 处理 很 克制 点到为止 后劲 很强 泥泞 中 野蛮 生长 最后 粉碎 杂草 看 完 感觉 疏离 热烈 久久 缓 劲儿 小北 角色 真的 非常 魅力 易 烊 千玺 表现 远超 预期 二刷 预定	281	0.99999999675555
乔纳森	视觉 艺术 形式 上 无 贡献 该片 不能 五星 得到 结结实实 四星 人 人 之间 情谊 信任 刻画 非常 动人 的确 好 片子 两位 主演 表演 还 不是 最高 水准 朴实 感人	15	0.9999999967209425
乔纳森	视觉 艺术 形式 上 无 贡献 该片 不能 五星 得到 结结实实 四星 人 人 之间 情谊 信任 刻画 非常 动人 的确 好 片子 两位 主演 表演 还 不是 最高 水准 朴实 感人	15	0.9999999967209425
Strawberry	校园 喜欢 亲身经历 真的 感同身受 这部 挺好的 题材 真的 沉重 大桥 上小北 骑 摩托车 载 陈念 一幕 印象 太 深刻 陈念 小北 说 不是 想 人 不想 胡 做 朋友 其实 还 挺 喜欢 其实 保护 目的 言外之意 没想 一起 小北 微笑 说 说 大概 意思 不 记得 原话 其实 小北 都 知道 不会 主动 说 出来 小北 保护 陈念 从来 没有 想过 回报 单纯 想 去 保护 安全 保护 梦 自由 耳边 响起 Jay 那句 歌词 都 没有 却 还 梦 加油 催泪 点	619	0.9999999960802874
kyla土豆	太 写实 一部 挺好的 哭 感动 孩子 都 不 应该 校园 喜欢 对待 家长 应该 教育 好 孩子 好好 对待 别人 两位 主演 演技 太好了 感同身受 所处 环境	312	0.999999995974783
八九	小说 来看 一个男孩 女孩 保护 两个 人 黑暗 中 互相 成为 阳光 存在 世界 无声 抵抗 易 烊 千玺 第一部 挺好的 看 17 岁 时 几个 月 小北 人生 做 骨子里 都 没有 叛逆 知道 世界 上 所有 险恶 极致 温柔 希望 18 岁 去 看 17 岁 看看 小北 看看 塑造 人生	1900	0.9999999954920251
宁夕	看 完 马上 打分 真的 很 好 哭 想 活命 闭嘴 看到 后面 已经 挺好的院 哭 天昏地暗 现在 已经 失去 表达能力 反正 很 好 哭 生活 中 不是 所有 陈念 都 碰到 小北 希望 生活 中 陈念 遇到 守护 人 再 一次 还 会 做 没有 不 希望 借用 高考 前 老师 学生 说 一句 话天 就要 亮 光明 眼前	145	0.9999999954681871
Yourzzeroeight	东野 圭 吾 作品 精选集 值得 分 明知 原著 融梗 不错 还 去 拍摄 拍摄 团队 这部 融梗 挺好的 尝尽 红利 演员 拼命 扭曲 黑白 维护 偶像 粉丝 得到 一切都是 偷来 终 一天 还 回去	29	0.9999999937126864
文刀大土申	好看 列 年度 华语 挺好的 名单 挺好的 题材 意义 剧本创作 再 导演 整体 掌控 能力 两位 主角 表现力 都 达到 最佳 呈现 易 烊 千玺 惊喜 眼神 里 有戏 走个 路子 选片 4.5	452	0.9999999930392522
别吃了	保护 世界 保护 第一个 问 疼 不 疼 人 高考 完 变成 大人 从来 没有 一节课 教过 变成 大人 生活 阴沟 里 有人 依然 仰望 星空 挺好的 里 最 喜欢 几句 台词 很 戳 想 学生 时期 拥有 小北 没有勇气 成为 陈念	1506	0.999999992838484
不吃胡萝卜	里面 似乎 看到 曾经 年少 时 真实 执拗 单纯 无知 坚强 软弱 愿 所有 少年 都 爱 守护	688	0.9999999927935199
Sugar	小北 生活 阴暗 里 人 世界 里 充满 一场场 打架 血腥 反抗 污蔑 肮脏 反抗 周遭 异样 眼光 看似 都 不在乎 看似 冷漠 云淡风轻 是因为 不知 经历 黄昏 火车 呼啸而过 传来 烤面包 香气 遇见 陈念 成为 救赎 小北 其实 温柔 保护 陈念 告诉 太 干净 知道 温柔 人 叛逆 保护	282	0.9999999924705073
csh	视听 风格 大特写 主体 但景别 变化 中 蕴藏 隐性 叙事 非常 有趣 获得 小北 「 守护 之后 暂时 呈现 一系列 中 远景 段落 最终 大特写 直面 镜头 消解 最初 同等 景别 营造 闭塞 感	14	0.9999999911851255
干杯鱼	太 好看 易 烊 千玺 刮目相看 没想到 演技 好 很 爆发力 冬雨 一如既往 稳歌 听 喜欢 小北 说 喜欢 人要 最好 结局 哭死了 青春 快 回来 年轻 真 好	706	0.9999999908098273
迷恋自己	看 完 呜呜 演技 在线 既有 成长 思考 人性 思考 朦胧 甜蜜 少年 感情 好看	66	0.9999999893637251
子卿竹	易 烊 千玺 温柔 眼光 人 饰演 小北 反差 还 挺 惊讶 沧桑 眼神 明亮 眼神 温柔 眼神 倔强 眼神 孩子 用心 演绎 人物	2058	0.9999999889833106
兵荒马乱	黑暗 角落 遍布 世界 每个 地方 少年 泥沼 里 挣扎 反抗 直至 绝望 陈念 写 有人 生活 阴沟 却 依旧 仰望 光明 时间 万物 皆 苦 唯一 救赎	785	0.9999999880397265
风间隼	陈可辛 哭片 二代 目曾 国祥 新作 傍上 现实 题材 救 不 回 失控 煽情 塑造 人物 非哭 喊 显然 审查 无关 俩 人 垂泪 段落 都 拿掉 估计 节省 观众 10 分钟 时间 节奏 会 好 很多 当然 胜过 内地 青春片 一条街 至少 细节 到位 群演够 本色 价值观 够 人本 校园 好看 反映 完全 没有 深度 可言 五星 友邻 蛊	103	0.9999999874153921
木石子	两次 校园 欺凌 终结 一次 受害人 死亡 一次 加害者 死亡 挺好的 后者 挺好的 结束 陈念 面对 校园 喜欢 先是 沉默 寻求 合法 渠道 最后 以暴易暴 都 宣告 失败 冰冻三尺非一日之寒 若要 冰消 恐怕 花 好长时间	81	0.9999999750202788
zero	任何人 都 仰望 星空 不是 每个 人 都 遇到 相互 取暖 带来 依靠 人 希望 看 完 挺好的 每个 人 都 受到 感触 别人 温暖 青春 应该 美好 回忆 故事 最后 陈年 成为 想 成为 人 小北 无惧 阳光	694	0.9999999734182952
渊几代	日式 校园 好看 生搬硬套 好看清 北学霸 背景 设定 奇葩 还 没 学会 甄 嬛 传 吃 百家饭 融会贯通 仿佛 看到 致 青春 2 吴亦凡 张口 我要 上 清华 假大空	23	0.9999999731342516
阿德	完成度 说 曾 国祥 刮目相看 不为过 对得起 题材 讲故事 手法 很 高级 校园 欺凌 每个 人 或多或少 都 经历 这部 挺好的 会 反思 曾经 面对 校园 欺凌 做	726	0.9999999717469666
木子	温馨 提示 化妆 带 纸巾 心理 很 强大 花着 妆 出来 直接 买 下一场 直接 二刷 这部 剧 真的 很 好看 深刻 真实 周 冬雨 演技 真的 厉害 眼泪 说 掉 掉 最 惊喜 四字 弟弟 这部 挺好的 真的 证明 演技 代表作 流量 小生 中 真的 非常 非常 优秀 强推	113	0.999999968412023
叫wei吧	很多 人生 不能 事事 顺心如意 很 残酷 每个 时期 不同 小孩 都 不同 烦恼 想到 班上 学生 幸亏 学校 引导 下 健康 快乐 成长	487	0.9999999645259906
闲人	其实 有点 四六 不靠 校园 凌霸 议题 探讨 没 处理 特别 深入 前半部 分 男主角 戏份 过少 导致 爱情 戏 部分 看起来 有点 突兀 像是 商业 类型 片 素材 做 一部 文艺片 整个 制作 成色 不错 整体 导演 上 一部 七月 安生	36	0.9999999631675127
叶太美	主线 故事 太 不 清晰 高考 朦胧 爱情 原生 家庭 东 一块儿 西 一块儿 特别 混乱 没有 摆脱 青春片 套路 说 校园 好看 说白了 一部 狗血 偶像剧 说 实在 之前 郭某 玩意儿 好多	26	0.9999999609877657
Theo	影片 本身 来说 4 月 撤档 之后 夸赞 批评 好像 都 显得 有失公允 反倒 演员 人 异常 惊讶 不 知道 算不算 易 烊 千玺 银幕 处女作 经历 长时间 大 特写镜头 之后 依然 情绪 上 打动 观众 未来 期 特别 感动 卢凯彤 圈 出	307	0.9999999550359133
人间11月木婉清	本来 题材 没多大 兴趣 预售 很 高 朋友 跟风 看 首映 现在 哭 稀里哗啦 递 纸巾 校园 好看 伤害 这部 挺好的 真的 戳 心窝 看 很 难受 心疼 陈念 羡慕 陈念 整部 挺好的 都 很 细腻 值得一看	1384	0.9999999523196434
德卡的羊	86 100 部 勇敢 作品 大量 不 稳定 手持 浅 焦便 已 勾勒 出 破败 世界 某张 无形 大手 动作 戏 支离破碎 反而 那份 不 完整 中 窥见 生猛 意志 夹缝 中 向阳 雏菊 沟壑 里 滚烫 鲜血 反复 特写 面孔 面孔 灰暗 瞳孔 里 满 质问 反射 局部 伤痕 少年	149	0.9999999512901704
JxiA	中国 现在 需要 更 类似 题材 挺好的 跳 出来 原著 争议性 很大 仍 希望 这部 挺好的 观众 带来 一点点 一丝丝 影响 心理 十分 矛盾 认为 不错 融梗应 极力 反对 希望 社会 更加 重视 校园 喜欢	110	0.9999999427077613
燕子的简单生活	少年 关爱 少年 心理健康 学习 环境 问题 这方面 确实 需要 部门 整个 学校 社会 重视 非常 好 题材	797	0.9999999355459973
翻滚吧！蛋堡	无论是 曾国祥 周 冬雨 易 烊 千玺 都 太 人 意外 这才 算 真正 称得上 残酷 青春 几个 字 遗憾 过审 两人 结局 处理 过分 拧 巴 已经 足够 尖锐 有力 片尾 特别感谢 大泪点 所有 夜晚 出生 小孩 愿 都 不再 害怕 明天	109	0.9999999270929016
怀特慕斯糖	其实 不 喜欢 看 青春片 压抑 现实 甜蜜 恋爱 不得不 说 少年 确实 一部 好片 团队 很强 演员 很 不错	213	0.9999999216996994
天鹅太讨厌了	来看 首场 四字 弟弟 真的 太 人 惊喜 整部 挺好的 沉重 传递 力量 冬雨 演 好好 真 好 真 好 一部 非常 优秀 挺好的	1426	0.9999999109020192
南悠一	一部 混合 大 聪明 小聪明 作品 大 聪明 洞察 时代 真相 小聪明 连人名 都 带 玄机 生怕 别人 理解 不了 很难说 不 体现 磨 剧本 一项 考验 智慧 工夫 行为 失去 某种 作者 个性 曾国祥 站 台前	36	0.999999885839966
xx xx	很 幸运 爱 爸爸妈妈 善良 朋友 现实生活 中有 很多 看不到 陈念 小北 人 生活 黑暗 里	735	0.9999998587730061
晴晴青Qing♡	很 遗憾 青春 没有 小北 人来 保护 很 幸运 没有 陈念 经历 两位 主演 很 好 很棒 很 喜欢 很 能共情 值得一看	473	0.9999998545806885
Free falling	原来 每个 人 身边 世界 多么 黑暗 总会 个人 默默 陪伴 守护 希望 永远 干净 纯粹 希望 陪 身边	674	0.9999998483821849
我来了	愿 社会 温柔 对待 没有 伤害 没有 悲伤 小北 真是 勇敢 生活 中能 几个 小北 大家 都 和平相处 好	42	0.9999997595477571
我来了	愿 社会 温柔 对待 没有 伤害 没有 悲伤 小北 真是 勇敢 生活 中能 几个 小北 大家 都 和平相处 好	42	0.9999997595477571
小雨雨大魔王A	少年 无力 抗拒 校园 喜欢 小学 时 同桌 堵着 要钱 现在 都还没 忘记 都 不敢 去 上学 真的 谢谢 看到 好 挺好的 挺好的 中 透漏 希望	649	0.999999736576736
我叫叶zhizhi	看 完 挺好的 真的 真的 真的 很 值得 去 看 保护 世界 保护 少年 青涩 无畏 勇敢 去 喜欢 说 不	91	0.9999997345652659
赵启辰	这部 片能 上映 今年 唯一 感到 欣慰 事 力量 反思 做 成年人 做 从业者 很 惭愧 很 抱歉 希望 羞愧 自责 转化 力量	33	0.9999997303149565
鹿菏	黑暗 挺好的院 默默 流 一个多 小时 泪 出来 眼泪 已经 酸涩 快 睁不开 以为 高中 时期 好看 黑暗 记忆 已经 模糊 曾经 发生 事 都 刻意 遗忘 看到 这部 挺好的 里 熟悉 段落 时才 知道 伤害 永远 都 不会 消失 厚厚的 结痂 包裹 住 就算 脱落 伤口 痕迹 会 永存 … …	19	0.9999997260292288
火火火的北京	挺好的 最好 地方 在于 揭示 真实世界 背后 不 忘记 一阵 暖意 世界 美好 四字 弟弟 优秀 冬雨 美	254	0.9999996737453897
蓝色的椰子	剪 寸头 满脸 血 泥 造型 看出 易 烊 千玺 想 成为 好 演员 认真 诚意 不敢相信 片中 小混混 人 乖乖 形象 易 烊 千玺 影 后周 冬雨 对戏 完全 不输 长安 十二 时辰 李必 完全 不 易 烊 千玺 选片 一如既往 冒险 不可否认 交出 答卷 依然 很漂亮 演员 身份 易 烊 千玺 算是 彻底 立住	297	0.9999996590065222
VeryGZ	双子 杀手 抱 极 低 预期 去 看 预期 低 一大截 少年 抱 极 高 预期 去 看 还 预期 高上 一大截 开场戏 调度 便 技惊 四座 此后 剪辑 摄影 配乐 样样 俱佳 两张 面孔 完全 禁得住 浅 景深 特写 易 烊 千玺 眼神 已 印刻 脑海 里 久久不忘 审有 改动 痕迹 时间 线 整体 往前 推 几年 首尾 套 壳 慈云寺	15	0.9999996444703662
ZIJI	两位 演员 眼神 太 触动 人心 疼痛 韧劲 都 感受 跟着 一起 哭 想 守住 这份 希望 温柔	523	0.9999996004890679
独家记忆	易 烊 千玺 周 冬雨 简直 小北 陈念 本身 角色 演绎 太精彩 特别 易 烊 千玺 完全 不敢 想象 未经 专业训练 担纲 第一部 男主 挺好的 很多 微 表情 都 表达 太 到位 太有 感染力 真的 完全 颠覆 流量 看法 整部 挺好的 很 教育 意义 非常 值得一看	244	0.9999995719970234
柒熙	校园 喜欢 题材 吸引 看 之后 不得不 佩服 千玺 演技 ! ! 太 惊喜 真的 当然 周 冬雨 演技 一路 既往 高水平 两个 演员 都 好 喜欢 想要 二刷 打算	2550	0.9999995453145816
阿柴	很 不错 曾国祥 真的 好会 不怎么样 原著 小说 拍成 很 不错 挺好的 周 冬雨 当然 很灵 已经 完全 独挑大梁 女演员 易 烊 千玺 灵 清爽 显得 站 对面 黄觉 尹 昉 都 油腻 不少	82	0.9999994660528053
Peter Cat	3.5 潦草 缺乏 信服 力 第二幕 导致 第三幕 冗长 有点 情绪 失范 当然 不 排除 这是 审查 干预 仍旧 心满意足 拥抱 少年 浪漫主义 曾经 拥有 真挚	31	0.999999435027313
特立独行的猪	主演 演技 都 太赞 对易 烊 千玺 刮目相看 真的 没想到 演技 赞 超级 喜欢 校园 喜欢 题材 值得一看 牛 逼 牛 逼 周末 可能 要二刷	2327	0.999999346168137
韩老师上课了	这是 一部 写实 片子 真的 很 好 反映 社会 喜欢 问题 … … 希望 社会 以后 多多 关注 问题 每个 孩子 不要 失去 未来 光 男女 主都演 好好	5900	0.9999993228647777
徐若风	4.5 目前 今年 华语 片 最佳 几乎 塞满 人物 大 特写镜头 一次 疯狂 赌博 曾国祥 赌赢 两张 脸 眼睛 周 冬雨 易 烊 千玺 供出 极度 锋利 痛彻 心扉 表演 里面 包含 极度 复杂 情感 社会 困局 探讨 情节 层次 上 每个 转折点 都 用力 人 感觉 快受 不住 还 不停 反转 不间断 机枪 扫射 审讯 戏 已经 千疮百孔 不会 再 看 这部 挺好的 第二遍 承受不住 痛苦 看 完 一周 后 再 看看 演员 表演 食言 去 看 第二遍 ....	613	0.9999993045773357
痴迷张碳碳的小	世界 其实 没 黑暗 可能 总会 遇到 人 朋友 会 愿意 去 帮助 不是 孤单 确实 朋友 生活 指路明灯 挺好的 初心 很 好 建议 正 处在 青春期 同学 都 看一看	79	0.9999984143213152
荞麦	好看 不是 重点 失去 大人 保护 少年 生存 哭 快 晕过去 他妈的 看到 真实 内地 青春 世界 多加 一颗 星	696	0.9999983483560796
Ziggy.	主题 浮于 表面 … 表达 做作 矫情 … 警察局 戏份 观众 傻 逼 … 大 早上 来看 一部 青春 伤痛 文学 式 狗血 挺好的 … 四字 dd 演 倒 还行	750	0.999998282931204
不爱吃鱼的猫	去 影院 看 看 觉得 神似 白夜 行 设定 回家 后 才 知道 融梗 不 甘心 跑 去 看 原著 小说 感觉 恶心 炸 之前 甄 嬛 传 不错 没 感觉 现在 轮 喜欢 作者 不错 才 感同身受 白 瞎 好看 挺好的 白 瞎 好 演员 制作 团队 后期 做 优秀 原点 错 都 坨 屎	48	0.9999982671487276
balabalabar	从官 宣 之后 期待 挺好的 易 烊 千玺 周 冬雨 主创 组合 真的 很 人 惊喜 成熟 不乏 少年 感 演技 真的 没话说 代入 感太强 情绪 牵引 准备 二刷	798	0.9999981386304818
邓安庆	真 好 周 冬雨 应该 影后 易 烊 千玺 新人奖 曾国祥 始终 挖掘 人物 之间 动人 部分 细致入微 地去 铺垫 审加 部分 忽略 结尾 两人 隔窗 对视 又哭又笑 那段 好	309	0.9999979156352451
未见青山远	呜呜 校园 喜欢 题材 曾 国祥 导演 指导 选景 重庆 容纳 故事 城市 认真 钻研 角色 千玺 金马 影后 小黄 鸭 不 期待	637	0.9999977411705778
皮卡皮	真心 希望 深陷 沼泽 少年 都 人 拉 一把 有人 陪伴 有人 守护 有人 救赎 四字 弟弟 演技 真的 震惊 ! 真的 完全 抓 剧情 里面 ! ! ! 抓 死死的 !	2439	0.9999977026221494
鸡蛋黄不黄酱	挺好的院 才 看到 一半 迫不及待 评分 妈呀 真的 太 高出 期待 知道 四字 演技 很 没想到 无限 惊艳 预售 2 天半能 破 亿 粉丝 给力 之外 挺好的 本身 更加 人 期待 不 说 我要 好好看 前排 妹子 已经 偷偷 抹 眼泪 哈哈哈 哈哈哈	3106	0.9999976927142146
笑恕	四字 弟弟 演技 的确 惊艳 全场 依然 掩盖 不了 挺好的 略显 平庸 本质 只能 说 诛 仙式 营销 极其 败坏 路 人 好感 更何况 原作者 鼎鼎大名 融梗天 后 再 挺好的 影响力 不 可能 超越 最近 一系列 社会 事件 希望 经此 一役 不会 四字 毁 听 不到 真实 反馈 太 可怕 粉丝 理性 评价	12	0.9999976487895839
西西里的朗读者	易 烊 千玺 演技 还 行 白夜 行等片 类似 故事 拍过 很多遍 到底 写实 校园 好看 题材 男主为 女主 顶罪 黑色 题材 镜头 全程 杵 脸上 鬼 655	203	0.9999970454357632
Athos	演员 优秀 演员 挺好的 再 好 不错 不错 不好 恭喜 少年 成为 东野 先生 作品 改编 影视剧 新 标杆	18	0.9999969207570425
S.Tennyson	平平 无 奇 力道 不足 花 小时 铺垫 互为 救赎 故事 中途 忽然 掺杂 高考 激昂 向上 教育 歌颂 冲淡 原本 灰色 背景 整部 片子 情感 都 变得 尴尬 起来 保护 说辞 变得 缺乏 说服力 狗 十三 还 不及 去年 春天 不是 曾国祥 良好 发挥	119	0.99999402029194
嘻嘻嘻	演员 选 很 切合 主角 演技 在线 人 融入 剧情 中 看过 书 算 还原 度 很 高 值得一看	342	0.9999938057283736
一点点喜欢	挺好的 想象 中 要好看 很多 或许 每个 人 都 挺好的 里 看到 曾经 不 一定 主角 配角 身上 青春 痕迹	191	0.9999936682721016
😄	超级 好看 没想到 会 触动 心 看 完 很 感触 这是 一部 很 深意 挺好的 很 值得 大家 好好 去 看看	200	0.9999924775459871
已注销	愿 世界 都 善良 温柔 人 愿 世界 没有 欺凌 都 是从 少年 过来	2877	0.9999919618272322
我就是随便起的	整个 挺好的 看 下来 感染力 很强 人物 塑造 算是 成功 能够 人 产生共鸣 两个 主演 都 演技 在线 挺好的 命题 很 好 仰望 希望 抬头 会 一片 星光	885	0.9999917388179839
芝麻儿	两个 少年 世界 无端 针对 对视 一眼 瞬间 落泪 希望 世界 善良 一点	437	0.9999916453790686
路西法尔	青春片 陷阱 在于 都 浪漫 化 眼神 一次 牵手 一场 高考 犯罪 … … 易 烊 千玺 饰演 小混混 拙劣 模仿 庸俗 爱情片 中 男 主人公 腔调 不断 地吐出 赢 才 没输 故作 深情 金句 汗毛 倒 竖 可金句 频出 原因 恰恰 校园 欺凌 问题 缺少 深入 共情 沦为 活报剧 周 冬雨 不时 面 无表情 说些 正确 废话 郑易 警官 疯狂 谴责 受害人 不肯 相信 整部 影片 自恋 推向 巅峰 其实 公权力 自恋 半分 反省 可怕 三种 自恋 很多 人会 吃 … … 影片 题材 上映 不易 加 半颗 星	112	0.9999914002396412
静静地吃瓜	经历 校园 喜欢 知道 难受 体会 绝望 没有 人帮 想 掉落在 漩涡 里 太难 两位 主演 很棒 预告 吸引 人 正片 更加 觉得 抓住 希望 多么 幸运 感谢 演绎	805	0.9999895778502584
鮮花長于我傷口	他們 住 高樓 我們 淌 洪流 不為 日子 皺眉頭 答應 只 為 吻 才 低頭 看 電影 很 自然 想到 這句 歌詞 最難 忘 陳 念 含淚望 著小北 輕輕搖頭 小北狠厲 隱忍 眼神 看得 發顫 抖 兩個 孩子 承受 著命運 辜負 卻 怎麼 都 不肯 屈服 作為 對方 唯一 軟 肋 互相 舔 舐 傷口 眉頭 緊皺 忍淚 眼睛 太 讓 人 心疼 那雙 眼睛 太 悲傷 盛滿 倔強 不甘 無奈 疼痛 看 一眼 心 都 揪 一起 很 喜歡 英文 譯名 Betterdays 脱身 苦海 光而生 没有 人生 身陷 泥潭 囹圄 禁锢 丛生 荒芜 惟願 天下 所有 孩子 都 命運眷 顧 保護 呵護 快樂要 幸福	4200	0.9999881140164626
noelsun	没有 想到 最后 呈现 出来 会 完美 真的 非常感谢 周 冬雨 易 烊 千玺 特别 易 烊 千玺 表演 非常 罕见 看到 青涩 坚毅 两种 特质 会二刷	1703	0.9999881078172984
今天更博学了吗	陈念 小北 都 很 好 棒 守护 人 东西 都 努力 坚持 保护 世界 保护 都 看 哭	472	0.999988083760079
问章北海要信仰	很 好 不 需要 任何人 祈祷 祈祷 更 人 看到 念 念 地狱 一念小北	7246	0.9999871595402116
蛮吵	追逐 世界 追逐 背影 保护 世界 保护	6696	0.9999854880627713
Miss Flamingo	迟到 4 月 少年 一如 当初 期待 模样 2019 年 夏天 终于 到来 欢迎 小北 非常 用心 非常 真实 非常 感动 感谢 所有 主创 幕后 人员 等待 都 值得 ❤ ️ ❤ ️ ❤ ️ ❤ ️	781	0.9999821031990711
little bai	善 恶 正义 世界 真的 非黑 白 好人 好 报 菩萨 保佑 这句 话 说 出来 还 真是 讽刺 希望 世界 生活 阴沟 里 人 都 能够 看到 希望 主创 用心 泪点 密集 居然 笑点	188	0.9999801771741653
小心超人	好看 赤裸裸 原创 好看 一天 中国 原创 死 在座 都 帮凶 易 烊 千玺 凹出 成熟 硬汉 人设 渐渐 黄晓明 靠拢 三观 正确 始终 比不上 资本 利益	24	0.9999795852880519
水木丁	华人 挺好的 近代史 上 大陆 没有 贡献 经典 少年 人物形象 千玺 终于 刷新 零	222	0.9999787077204899
不如跳舞	不 知道 说 不错 融梗 反正 很 明显 感觉 白夜 行 嫌疑人 X 献身 融合 一下 加上 高考 设定 再 加 两人 都 抓 结尾 全程 出戏 东野 圭 吾 书粉 觉得 这部 挺好的 太 恶心	3898	0.9999755101320621
乘峰破浪	剧情 很赞 易 烊 千玺 演技 出乎意料 周 冬雨 不错 这种 题材 挺好的 拍 好不容易 … … 期待 易 烊 千玺 弟弟 下次 表演	691	0.9999749297493095
已注销	幼稚 恶意 可怕 不讲道理 没有 逻辑 带给 当事人 伤害 却 不会 减少 女主 很 幸运 遇到 保护 人 更 人 没有 这份 幸运 希望 以后 规章制度 法律 直接 干预 减少 悲剧	143	0.9999689323803131
12580	总有 人 少年 阳光 下 雨露 中 总会 有人 默默 守护	61	0.999963002744208
凹凸	悲伤 逆流 成河 配不上 当不起 少年 都 做到 远远 不止 已 经历 删减 仍能 看到 批判 尖锐	134	0.9999620670852477
谁也爱吃鳗鱼饭	三刷 依旧 后劲 很足 看到 很多 之前 没 看到 细节 导演 很 有心 演员 演技 都 在线 恶意 黑 看 基本 都 挺好的 都 没 看 呵呵	58	0.9999608162533983
我看你要吃粑粑	不愧 金马 班底 小黄 鸭 姐姐 真的 灵气 演 特别 好 四字 弟弟 很 惊艳	178	0.9999604751785977
胖官赵	没有 人会 别人 不会 少年 仅止 导演 确实 声声 质问 大概 小说 原本 东拼西凑 改编 成 剧本 挺 奇怪 好看 纯爱 谋杀 亲子 ..... 剪 后 很多 地方 跳跃 别扭 周 冬雨 易 烊 千玺 表现 持平 哭 戏堪 琼瑶 剧 尹肪帅 死	42	0.9999593873250912
thanks!!	保护 世界 保护 神仙 感情 😭 😭 千玺 弟弟 真是 出乎 意料 真真是 一张 大 银幕 脸 搭配 周 冬雨 这种 级别 演员 真的 太 好看 期待 千玺 弟弟 以后 作品	607	0.9999591553503265
Python	期待 很 久 终于 去 看 四字 弟弟 小 黄鸭 真的 🉑 鸭 鸭 哭 我心 都 疼 死 没有 经历 校园 喜欢 曾经 看到 这种 事情 期待 题材 影片 越来越 稍微 进步 一下 社会 进步 少年 值得 5 分	878	0.9999581145008496
黄青蕉	曾国祥 真的 有点 东西 档次 文本 手上 都 化腐朽为神奇 都 改编 升华 成 还 做 原创 可怜 现在 沾 一身 腥	140	0.9999561528071411
回南雀	不是 每个 陈念 都 遇上 愿意 所有 未来 去 保护 小北 希望 每个 陈念 都 雨 后 小 雏菊 角落里 坚强 绽放 打不倒 使 更 坚强	10231	0.9999559013636679
又睡着了	天 易 烊 千玺 完全 颠覆 演技 ! 眼神 真的 太 有戏 ! 好 感染力 哭 稀里哗啦	3281	0.9999523461188847
别急	看 哭 节奏 略慢 不 影响 整体 感受 演员 表演 都 很 到位 五星 鼓励	50	0.9999513936249844
毒舌列文	毒舌君 提醒 一下 嘴上 没 把门 吹 少年 悠着点 吹 年度 最佳 华语 片 大话 都 敢 说 包圆儿 柏林 挺好的节 影帝 影后 地久天长 今年 片儿 校园 欺凌 噱头 拍 出 雌雄 大盗 反转 警局 范儿 片子 何德何能 超越	25	0.9999510473304881
你猜	不要 觉得 易 烊 千玺 流量 明星 轻视 实力 不要 觉得 周 冬雨 只 会演 精灵 古怪 角色 不要 曾国祥 导演 还 年轻 质疑 能力 感谢 剧组 所有 工作人员 演员 看到 一部 动人心魄 好 挺好的	291	0.9999464345252065
石头摇篮	非常 好看 扎实 细密 真实 扎痛 一次 一次 常常 都 觉得 成长 简直 犹如 地雷 区 不 知道 会 踩 响 一颗 没 踩 可能 会 别人 踩 伤及 当然 开里 说 整个 人生 都 成长期 最为 集中 还 成长 儿童 少年 成人 最当 自醒 人 好 一点 教 孩子 人 好 一点 还 没 影片 隐蔽 批责 东西 腐蚀 坏掉 最后 必须 赞易 烊 千玺	46	0.9999435276110096
二号宝瑞	小说 完全 当做 玛丽 苏 言情小说 来看 挺好的 想要 升华 主题 东一 锤子 西一 棒子 搞 悬疑 推理 不伦不类	13	0.99994073107154
渡穆	挺好的 有点 好 哭 莫名 想到 经历 身边 不顾一切 保护 人 何其 荣幸	3208	0.9999355024669495
蛀牙	剧情 太虐 话题 很 抑郁 希望 陈念们 都 会 快速 成长 多一些 小北们 帮 陈念 走出 阴霾	693	0.9999344374601842
玖月杰奏	全程 不 打扰 大家 不 尖叫 不 出声 毕竟 期待 很 久 很 好看 泪点 高 哭 演员 演技 都 很棒 17 岁 进中戏 之前 作品 可圈可点 进步	749	0.9999330724249388
维城乱马	人生 总是 痛苦 少年 时 成年人 生活 里 没有 容易 二字 人生 挺好的 不同 人生 … … 辛苦	104	0.9999097953214691
啵啵啵啵mua～	希望 世界 上 每个 陈念 身边 都 小北 🙏 希望 世界 上 再 无 校园 喜欢 🙏	417	0.9999033004888759
清寂	讲述 校园 喜欢 时间 比较 好奇 拍 超级 棒 👍 👍 👍 👍 👍	181	0.9999015830376753
试遣	希望 最 黑暗 时刻 有人 拉 一把 千玺 演出 小北 痞 小北 哀伤 无奈 很 惊喜	266	0.9998950036861219
你看起来很美味	其实 想 四星 导演 镜头 语言 真的 太棒了 曾国祥 太会 拍 感觉 所有 意象 信手拈来 好 不 费事 周 冬雨 真的 灵到 不行 易 烊 千玺 更是 惊喜 两个 人 最后 对视 那场 戏 层次 太 丰满 一星 希望 曾导能 拍出 更好 挺好的	46	0.9998926072847781
HHong	每个 人 都 少年时代 每个 人 都 少年	2578	0.9998839437479062
银谷	易 烊 千玺 很 强 周 冬雨 更强 简直 开挂 人物 情绪 张力 十足 快要 挺好的 屏幕 里 爆 出来 两个 人 对手戏 看 太 过瘾 故事 打动 出 挺好的院 一下子 都 不能 回 神	175	0.9998780523058224
樱桃肉丸子	啊啊啊 周 冬雨 绝 怼 拍 好看 弟弟 大 8 岁 看起来 16 演技 当然 不 说 弟弟 很 惊喜 超乎 年龄 成熟 跳舞 好看 前途无量 剧情 人 太 压抑 拖沓 超出 预期	18	0.9998760102243288
樱桃肉丸子	啊啊啊 周 冬雨 绝 怼 拍 好看 弟弟 大 8 岁 看起来 16 演技 当然 不 说 弟弟 很 惊喜 超乎 年龄 成熟 跳舞 好看 前途无量 剧情 人 太 压抑 拖沓 超出 预期	18	0.9998760102243288
🐻小山	小北 啊啊啊 啊啊啊 😭 这部 挺好的 真的 很棒 易 烊 千玺 塑造 角色 能力 真的 很棒 看 进去 陷在 里面 透透 周 冬雨 真的 演 很棒 啊啊啊 啊啊啊 不 说 吹 爆 😭	66	0.999868432520578
开心	四字 弟弟 小 黄鸭 原来 相匹配 黄鸭继 七月 安生 后 一部 代表作 四字 弟弟 超出 惊喜 两个 人 都 完成 非常 不错 编剧 确实 下功夫 未来 影坛 一定 两位 一席之地	741	0.9998555207273376
D	别替 主创 团队 开脱 知道 不错 情况 下 仍然 开拍 毫无 道德 底线 公司 项目 撞 创意 都 戳 爆 脊梁骨 观众 朋友 道德 原则 蛮 灵活	15	0.9998492598849646
流浪者	青春 校园 喜欢	226	0.9998326269226446
fuck baby	最好 小北 最好 易 烊 千玺 演员 易 烊 千玺 很棒 很 优秀	440	0.9998096255718839
一碗茶泡饭	保护 世界 保护 希望 未来 遇到 小北 温柔 强大 人	852	0.9997496984072246
disguiser	3 星给 卡司 一星 演技 再来 一星 甩 隔壁 郭敬明 脸上 这才 探讨 校园 喜欢 青春 挺好的 学着点	4262	0.9997214995337347
嘿;-)	原本 冲着 周 冬雨 去 没有 想到 竟然 四字 弟弟 圈粉 四字 弟弟 演技 真的 不错 真的 代入 哭 稀里哗啦 两位 主演 演技 都 很 好 五星 支持	2232	0.9997167244036494
昵称酱	一部 建立 原著 不错 融梗 之上 挺好的 看似 说 校园 好看 问题 实际 干着 好看 原创 事 虚伪 至极	38	0.9997037275623402
张小北	词穷 非常 棒 看 出来 修改 痕迹 非常 棒 所有 环节 都 很 好 没 必要 变着 花 夸 以前 都 不 认识 易 烊 千玺 这次 真是 恭喜	582	0.9996924467577037
刘十九	经历 校园 好看 人 很 难 走 出来 挺好的 里 好好 哭 一场	19848	0.9996695986706337
蓝迭殇	一星 东野 圭 吾 不错 可耻 讲 校园 好看 却 好看 原创 不 觉得 讽刺	26	0.999650326614684
皮革业	赢 题材 表演 上 部分 过于 依赖 两位 主演 个人 能力 特别 周 冬雨 前面 不 突出 受难 感 地方 其实 没 必要 特写 故事 真的 相当 东野 圭 吾 … …	33	0.9996451479817958
张茜雅-	校园 喜欢 罪 不错 罪 明白人 都 会 零 容忍 补充 一句 四字 牛 逼 说 东野 圭 吾	30	0.9995881934076817
郁离	想 加个 标签 相信 演员 很棒 导演 很 好 编剧 很 好 来源 很 low	25	0.9995587246118501
春城无处不飞花	刚看 完 冬雨 妹子 一如既往 演技 在线 千玺 弟弟 真的 超出 预料 剧情 很 紧凑 值得一看 吃完饭 上班 会 推荐 朋友 去 看	161	0.9995426081382648
王大根	修改 部分 应该 不 估计 删除 跳楼 尸体 好看 正面 镜头 本来 以为 会 比较 虚化 背景 文艺 青春片 没想到 高考 元素 竟然 占 相当 大 比重 简直 有点 毛坦厂 中学 高考 杀人 事件 意思 GoodChoice 易 烊 千玺 戏份 不算 特别 没太掉 链子 当然 其实 周 冬雨 主场 看来 周 冬雨 吊打 八个 马思纯 没 问题 … … 不得不 由衷 感叹 国内 第一代 养成 系 偶像 终于 愿意 长大 能演 吻 戏 抽烟 最 重要 开 黄腔 老 姐姐 一天 多久 … …	14858	0.9995313770385286
远子	非常 真实 摄人 一面 较为 隐蔽 控诉 演技 遮盖 俗套 悬疑 设定 值得一看	44	0.9995282614159159
Sissi	不要 少年 忘记 少年	2893	0.9995089047434724
婴儿	高考 结束 后 变成 一部 挺好的 一扫 之前 平庸 无趣 羽化 升仙 光影 意象 翅膀 这是 真功夫	0	0.9994506174325778
啊杂野	疼痛 青春 不是 同一个 世界 却 同一个 世界	3139	0.999415827544591
南茜	东野 圭 吾 精选集 真 好看	21	0.999354293250902
九木	希望 生活 中 没有 校园 喜欢	274	0.9991329756292305
your	很 久 终于 今天 去 挺好的院 看 最好 小北 最美 陈念 第一个 问 疼 不 疼 人 保护 世界 保护 世界 阳光明媚	135	0.9991033112231601
*ST斐济猫	终于 看到 一部 时代 国内 应该 出现 文艺作品 表达 彻底 社会 普遍 管制 机制 批判 抵抗 决心 要说 远远 不是 校园 欺凌 可能 压 档期 原因	17	0.9990865918272407
Cicily	这部 挺好的 传达 希望 相信 成长 少不了 伤痛 好 前方 有光	167	0.9990116096422937
寻鹑上	对易 烊 千玺 本来 路 人 演技 惊到 … 真的 演 好 周 冬雨 对视 那场 戏 跟着 哭	21919	0.9989753183014444
小小的人儿	两个 演员 真的 演 很 好 易 烊 千玺 出乎 意料之外 未来 期	100	0.9988345275808702
王治.Eden	导演 真的 应该 看看 同类 韩国片 韩 公主 学学 拍 挺好的 … 镜头 演员 打脸 猛拍 演技 不行 一遍 遍 女主 雀斑 男主 脸上 疤痕	16	0.9986792698524913
豆友198699441	千玺 演技 棒棒 哒 👍	82	0.9984735684934809
蛋挞一口吃俩	东野 圭 吾 精选集 🤗	43	0.9983835610202454
二火山	悲伤 逆流 成河 字面 感觉 曾国祥 全拍 出来	20	0.9983719280863506
Ok绷	少年 很 美好 简简单单 值得 期待	81	0.9983436298172238
惟歆_	易 烊 千玺 演技 真的 惊 周 冬雨 感觉 之前 好 挺好的 镜头 处理 绝 希望 这种 题材 挺好的 多一点	2248	0.9981993788727312
派大星去哪了	上映 不 容易 棒 主演 都 很棒 值得 看	213	0.9981908500890065
jmk	挺好的 质感 很 好 ost 非常 好听 很 贴合 剧情 全程 都 陷入 挺好的 中	1809	0.9980552123823411
第一胖虎	保护 世界 保护 世界 总会 一点 微光 感受 希望 我想 陈念 小北 存在	468	0.9979758389156835
西楼尘	脸上 脏 干净 身上 都 伤 不 疼 想 变 聪明 押 中 人生 想 变 强大 足够 保护 选择 相信 阴沟 里 爬 出 想 活命 闭嘴 身后 不能 同路 不能 并肩 学着 长大 赢 才 没输 乐园 才 天堂 陈念 欠小北 不是 钱 不是 饭 高考 结束 那天 牵着手 迈过 十八岁 盛夏	5144	0.9978930917641546
杨岳岳岳岳	真的 好棒 两个 主角 之间 化学反应 很棒	69	0.9978129585911896
找嘛找pengyou	超出 预期 打动 人心 挺好的	335	0.9976764702361425
1	对千玺 演技 惊呆 很棒 影后 不是 吹 哭戏 太 打动	577	0.9976205892782773
你温柔的爸爸说	真的 很 厉害 两个 人 真的 很 厉害 挺好的 里 从头 哭 尾 跟着 从头 哭 尾 演技 配乐 无愧于 这么久 都 等待 好 片子 不会 埋没	145	0.9975499215027944
不闻回声	一星 演员 东野 圭 吾	19	0.9972435461542433
字母君	正义 睡着 未来 消灭 蝼蚁 监控 罗网 下 无所遁形 幼稚 反抗 大人 计谋 面前 化为灰烬 格局 堪比 天国 地狱 结尾 希望 反而 更加 绝望 幸好 曾国祥 还给 角色 足以 直视 摄像头 勇气	21	0.9971724445185542
次等水货	太 真实 场景 设计 演员 表演 都 完全 没有 雕琢 痕迹 哭 倒 一片 说 今年 国产 最佳 毫不	300	0.997121480190252
啾咪	东野 圭 吾 作品集 改编 版	15	0.9970659614759793
胖傻叉	主创 制作组 真的 都 太棒了 千玺 冬雨 真的 演技 都 在线 希望 世界 更 温柔 更 美好 一点	60	0.9970399372206934
mushroomcloud	Thismovieissointense ! 主创 很 走心 校园 欺凌 真的 很 可怕 受害者 一辈子 都 阴影 学校 老师 真的 态度 漠然 不负责任 亲身 感受 不喜 勿 喷 更 纵容 不良 事件 发生	8654	0.9968273241474651
如鲸向海	看到 校园 喜欢 看到 爱 希望	828	0.9967566587022544
世间	东野 圭 吾 作品集 当然 好看 🤗	100	0.9965666224062544
Jooooooc	想到 人 挺好的院 看 默默 哭泣 易 烊 千玺 演技 🉑 ️	80	0.9964848804705527
LAREINA	世界 其实 没有 黑暗 可能 总会 遇到 人 朋友 会 愿意 去 帮 不是 孤单	1666	0.9963819168171163
梅子先酸	世界 其实 没有 黑暗 可能 总会 遇到 人 朋友 会 愿意 去 帮 不 孤单	1397	0.9963819168171163
炸了炸了砰砰砰	很 庆幸 从小到大 遇到 同学 都 温柔 和善 人	541	0.9961056364836072
陷落美好	题材 第一次 看 千玺 表现 真的 超乎 想象 太棒了 以后 会 越来越 好	104	0.9959893734564849
小费呢	文艺作品 涉及 不错 不配 打分 曾志伟 咸猪 手 没想到 儿子 Ctrl CCtrl V 剪辑 大师 佩服	30	0.9956997881082342
悲伤蛙	绝望 黑暗 生活 里 互相 上 一束 光 保护 世界 保护	74	0.9953834457837315
银杏猫	看到 未来 小北 还 身后 保护 陈念 心中 压抑 苦闷 得到 安慰 救赎 说不出 心中 感觉 感觉 意难平 现在 脑子 乱乱的 只想哭 😭	203	0.9953710826843604
撒野	还 挺 魔幻	25	0.9953106043186482
我和我的猫·	融梗 扎痛 原作 粉丝 心	32	0.9952888645137912
好大一颗黎	喜欢 人 想 好 结局	186	0.9952873058450701
环游行星.	觉得 不错 这件 事 的确 可耻 不得不 说 这部 挺好的 翻牌 嫌疑人 x 献身 白夜 行中 评分 最高 毕竟 融梗天 后 玖 月 晞 七个 字 早已 深入骨髓	257	0.995096257120183
AbcdeF.g 💮	不是 恶意 一星 真的 不值 8.7 分数 太 尼玛 离谱 起码 再扣 2 分 微笑 四字 弟弟 演技 想 强些 周 冬雨 更 不用说 改变 不了 剧情 拖沓 坐在 挺好的院 表演 焦虑 一部 挺好的 所有人 都 夸赞 题材 好 演技 好 却 没有 人 说 剧情 好 大 概率 烂片	18	0.9949818914718048
曼彻斯特的雪	矫情 尴尬 台词 想 表现 文艺 却 犯 后来 通病 一句句 空喊 口号 好比 饥饿 吃 山楂片 只能 获得 几分钟 缓解 四字 撑 不 起来 男 主戏	442	0.9949733727185226
宝贝吃可爱多嘛	挺好的 改成 少年 X 献身	35	0.9940743730052299
(///ˊㅿˋ///)	两个 少年 坚韧不拔 生命力 泥泞 中 野蛮 生长 杂草	2078	0.9939697102167799
小Huyen	保护 世界 保护 小北 加油 !	146	0.9939129595846862
锦鲤妹妹	很 好 不 需要 任何人 祈祷 谢谢 保护 世界	565	0.9937885777243225
难出绿野	一星 周 冬雨 演技 剩下 4 星是 东野 圭 吾 读者 自尊	14	0.9935211388123375
梦钟书	相信 真实 相信 美好 相信 相信 本身 看见 希望 看见 守护	1908	0.9931430755658375
黑狗成	杰克逊 易 本片 作用 远大于 曾国祥 那种 似演 非演 治愈 力 成功 弥补 导演 思维 上 平庸 缺陷	14	0.9927442862651307
🍮布丁酱🍮	打着 校园 好看 旗号 营销 这种 不错 作品 大行其道 何尝 不是 原创 好看	19	0.9927320817794858
乌合之众	不是 每个 人 身边 都 会 小北 希望 每个 人 身边 都 充满 阳光	498	0.9926294932016239
南笙	演员 荧幕 上 撕裂 简直 太 幸福	31	0.9924963878963923
嘟嘟嘟嘟嘟嘟哒	我服 泪 崩 cao 校园 喜欢	601	0.9924241024557772
QIN	出口 台词 句句 伤痛 文学 名言	6255	0.9921524023969894
淋	请 大家 多多 关注 校园 好看	16	0.9920285675989603
Jackson小狐狸	青春 里 没有 小北 保护 保护	1638	0.9918216475998897
储西	每个 人 都 会 看到 或多或少 影子 谢谢 谢谢 谢谢 这部 挺好的 从头 哭 尾 陈念 谢谢 没 放弃 小北 期望 期望 ♥ ️	75	0.9916049722550686
TT Ting	保护 世界 保护 超级 好看 剧情 人物 演 太好了	196	0.9914904249934268
红绿	粉丝 好评 很 正常 毕竟 大多数 粉丝 易 烊 千玺 面前 感性 远远 大过 理性 想 说 不能 明星 演员 不 去 公正 客观 看待 挺好的 本身 抛开 评论 里 不错 部分 不说 本人 不 知道 原著 挺好的 本身 水平 不高 两个 小时 挺好的 前 一个半 小时 里 节奏 缓慢 剧情 拖沓 中心 不 明确 没有 深挖 欺凌 根源 所在 没有 提出 解决 这一 问题 措施 途径 隔靴搔痒 无病呻吟 之作 一星 实在 没 办法 毕竟 不能 0 分	21	0.9913014457658633
亲爱的桂花树🌈	太猛 太猛 太猛 四字 小朋友 太猛	95	0.9912331563826509
卡塔利亚_RIA	看到 周 冬雨 突破 易 烊 千玺 人 惊喜	117	0.9911242213761631
郭痞痞🌈	2019 年 248 部 不再 夸 挺好的 写字 人 知道 不 借鉴 不 不错 纯 原创 好梗会 辛苦 多难 挺好的 本身 10 分 不错 0 分 关注 校园 喜欢 请 别忘了 不错 喜欢	34	0.990185922709417
银	少年 觉得 值得	830	0.9899739168146764
Sprout.Lau	个人 很 喜欢 这种 真实 风格 挺好的 社会 上 阴暗面 太多 应该 暴露 大众 视野 下	7224	0.9894550219647762
殇	少年 遭遇 触痛 野蛮 生长 野草 向上 攀岩 眼里 总是 有光 希望	849	0.9893727324547058
hydejiaqi	看 不得不 夸 一下 四字 厉害 👍 说 东野 圭 吾	30	0.989157672734643
汐雅淳兮	四字 弟弟 演技 惊到 太 厉害 完全 不输 影后 好棒 支持	776	0.9882766628380063
柳飘飘	真的 弟弟 重新认识 眼神 都 带入 值得	1747	0.9878458366580457
萌大大	选 好好 演员 真的 原则 都 抛掉	16	0.9869660612597342
｜麦芒	每个 艺术家 作品 小黄 鸭 弟弟 眼神 很入 戏	704	0.9864520603319226
金基范	保护 世界 保护 保护 一下 原 创作者	25	0.9862361765149111
里边易	啊啊啊 啊啊啊 妈呀 太 好看 啊啊啊 易 烊 千玺 真的 啊啊啊	378	0.9855688118605507
小融资	冲着 导演 周 冬雨 看 金马 班底 一星 导演 一星 女主	1323	0.985332168888625
哈哈哈	东野 圭 吾 书迷 滴血 不错 抄 明目张胆	51	0.9851874874773751
雨果hugo	少年 一次 彻底 豆瓣 评分 信任感 彻底 崩塌 比看 烂片 还 难受 烂片 最 浪费 钱 片子 看 完 回忆起 成长 时期 最 不 愉快 经历 整个 人 心烦意乱 严重 影响 身心健康	27	0.9850700863415053
哪吒男	易 烊 千玺 金马奖 最 年轻 影帝 周 冬雨 金马奖 最 年轻 影后 二封 可惜	185	0.984133642685355
飞天小威廉	一分 东野 圭 吾 剧本 👏 👏 👏	26	0.98338483609032
原	少女 脸红 心跳 少年	191	0.9832044581686651
心跳	小说 抄 东野 圭 吾 挺好的 抄 告白 绝	10	0.9829185581652815
4x久安	出乎意料 看 感触 很深 特别 监狱 对视 呜呜 呜呜 呜呜 呜呜 哭死了 真的 超爱 那段 四字 小 黄鸭绝	401	0.9816607399300894
.	过于 真实 引起 不适 建议 学校 集体 观看	62	0.9815094819384217
纯真博物馆	看 不 说 白夜 行 嫌疑人 X 献身 写 好	21	0.9807219374062995
山鬼	每个 人 心中 都 想要 呵护 保护 人 事 碰巧 都	533	0.980326641977754
可爱的快樂	相信 相信 本身 少年	355	0.9785728436830584
想啊想啊想	周 冬雨 易 烊 千玺 两双 眼睛 真是 珍宝 看着 眼睛 看着 好多 故事	1689	0.9736263438045788
WYF	跟影 后周 冬雨 对戏 觉得 易 烊 千玺 演技 没 跳 可圈可点 期待 更好 发展	366	0.9724821306791819
花花糖	成长 意义	512	0.9721727672449167
BITerSoulRfresh	没 看过 白夜 行 神探 伽利略 我会 四星	28	0.9689258281444227
乱讲噻	好 一部 嫌疑人 周 冬雨 白夜 自首 演技 爆表 献身 行 👏	13	0.9684772419630318
Only	生活 中 黑暗 更 光	194	0.9679189217790001
小四	白夜 行 嫌疑人 X 献身 恶意 很难 不 去 想 三 本书 … …	322	0.9639029710241284
G-Rachel-hiues	最好 未来 想 做且 能够 做	385	0.9617195371302161
l.l.	不 直接 拍 东野 圭 吾	129	0.9590621669207764
嘟嘟熊之父	挺好的 只 拍 一小 段 阴沟 里 短暂 相逢 小北 用尽 全身 力气 陈念 托起 上岸 任由 泥沼 盖过 头顶 挺好的 拍 不到 漫长 余生 伤口 尚未 愈合 疤痕 已 显出 轮廓 通向 光明 大门 仅 打开 一次 更 浑浊 污泥 正 汹涌 影像 时刻 处于 压迫 欲裂 边缘 忽明忽暗 灯 黑云 压顶 雨 嘈嘈切切 声 无处 躲藏 脸 陈念 眼泪 流个 不停 害怕 委屈 不服 都 不是 活下去 勇气 小北 爱	596	0.95875594822322
天边那片云	剧情 假 男 主演 技 尴尬 张一山 完美	173	0.9570376152130222
橙汁儿鬼才	片尾曲 青峰 作词 去 看 真 不是 黑粉 对千玺 周 冬雨 颜 演技 还 属于 路人粉 朋友圈 都 疯狂 安利 放心 去 看 看 完 挺好的 之后 … … 以为 看 东野 圭 吾 嫌疑人 白夜 行 翻拍 剧 … … 几个 场面 太太 太像 那种 说不出 整体 感觉 特别 那种 搞 还 有点 懵 回来 之后 搜 微博 豆瓣 才 知道 原作者 玖 月 晞 恶心 事件 我特 白 瞎 30 块钱 交了 智商 税 原创 真的 太难 版权 意思 真的 太 薄弱 一边 cx 作者 赚 盆满 钵 满 参与 cx 演员 名利双收 另一边 抄 原创 房租 都 可能 交不起 还要 一群 人 骂 酸 写 没人 看 我能 火 本事 … …	276	0.9569732801326152
M.	保护 世界 保护	815	0.9549656990775337
雨	保护 世界 保护	183	0.9549656990775337
Xxxxx-yee	保护 世界 保护	182	0.9549656990775337
我爱五三	保护 世界 保护	236	0.9549656990775337
lalalalaaa	原作者 好看 人	276	0.9549178590795525
一点点浮夸	不错 东野 圭吾能 不 好看 演技 及格 剧情 节奏 杂乱	282	0.9549115273289378
老袁	刚 有点 难以 进入 看到 后来 哭 到头 肿 会 矫情 感人 好 哭	152	0.9521691728686941
犹在镜中	最 喜欢 后面 那一吻	64	0.9521051680217792
Hugo	心智 成熟 面容 年轻	644	0.9519963236566947
沙老怪	惊掉 下巴 这才 想 拍 挺好的	22	0.9508542846937046
怪兽不长肉	不 喜欢 白夜 行 非常 压抑	1255	0.9502974463018136
小函BB	保护 世界 保护 小北 陈念 谢谢 十月 末尾 见	228	0.9496436304972695
清醒废人	白夜 行 嫌疑人 真的 很 好看 不 影响 一星	9	0.9471044061503785
阳sir	女警察 问 陈念 不 信 老师 不 信 学校 不 信 警察 心里 真的 没有 答案 陈念 算是 幸运 真的 有过 上学 期间 全班 孤立 欺负 会 知道 身后 没有 小北 没有 垃圾桶 里 放过 熬 再 熬	39	0.9451428167909339
桃李不言	负 分给 原著 满分 导演 演员	27	0.9431573708246183
笑劈叉	无病呻吟 青春 蛋疼 小 挺好的 … 没有 吹 好 节奏 很 缓慢 …	492	0.9419452835907791
Onismtree	太绝 两位 演 真是太 绝 曾 国祥 这种 故事 拍 细腻	3465	0.9350328167463658
Fine	小北 眼睛 里 有光 生活 阴沟 里 心向 阳光	310	0.9344807847950973
豆豆	好 感动	240	0.9288214001228737
WASTELAND.	双 主角 演技 在线 怎奈 少年 只爱 不错	31	0.9238360924968089
怀璧不予	看 完 挺好的 走 出来 电梯 男友 聊 剧情 说 遇到 事 一定 告诉 我会 保护 看着 说 会 保护	121	0.9234638932355378
嘛咪嘛咪吽	易 烊 千玺 挺 好 粉丝 太尬	2845	0.9218496789953496
SebMia	王尔德 告诉 全掉 阴沟 里 人 却 仰望 星光 但他却 忘 提醒 仰望 星光 后 阴沟 里会 显得 更加 阴暗	15	0.920723753136525
SebMia	王尔德 告诉 全掉 阴沟 里 人 却 仰望 星光 但他却 忘 提醒 仰望 星光 后 阴沟 里会 显得 更加 阴暗	15	0.920723753136525
melaniejng99	易 烊 千玺 加油	206	0.9197017086687888
明知你不在还是	不错 深读 白夜 行 X 献身 再 看 觉得 垃圾	20	0.9176706275425498
的的儿	小北 真的 太 温柔 陈念 希望 所有 温柔 都 陈念	822	0.9176494193775749
河狸	按理说 辛苦 拍摄 演员 工作人员 不 应该 背 原著 锅 不能 助长 歪风邪气	22	0.9151392835968223
今天也很仙	典型 无病呻吟 青春 疼痛 片 一点 都 不 接地 气 矫情 一米	5390	0.9109816219578748
sunnyqing	必须 5 分 哭 完大 半场 心疼 两个 小朋友 再 难 再 苦 生活 会 希望 不要 放弃	63	0.9085365049212194
没事写写豆瓣	共生 关系 可不 白夜 行	15	0.9067304256941434
周沐君	太长 看到 后来 头疼 千玺 脸 真 适合 大 荧幕 希望 早日 成为 真正 演员	45	0.9031378641765541
不吃晚饭	快赢 好不好	250	0.888240927295812
来一斤栗子	开拍 期待 挺好的	171	0.8795361764027398
扎心魔仙	成长 破 茧 出 争夺 缝隙 里 一丝 阳光	3553	0.8791821013366027
圈圈	刚 走出 挺好的院 影评 缓缓 … 太 真实 只能 说 剧组 牛 逼	179	0.8706305480046215
ncbdwdmz	周 冬雨 发挥 稳定 易 烊 千玺 远超 预期	38	0.8667645924002516
ncbdwdmz	周 冬雨 发挥 稳定 易 烊 千玺 远超 预期	38	0.8667645924002516
青苔	一人 拼尽 所有 未来	491	0.8556257195905591
叉烧包	剧本 太 拖沓 节奏 缓慢 不 好看	346	0.8493399111720081
盐粗	好 演员 好 团队 去 选 一部 不错 作品 这部 片子 拍 再 好 上 不了 台面 心疼 易 烊 千玺 主创 宣传 都 没发	63	0.8345296174401735
牧云	评分 虚高 没 好看 莫名其妙 剧情 最后 居然 看 出来 白夜 行 视感	33	0.831367198674322
whyme	嫌疑人 小北 献身	9	0.8294457583903977
女神的秋裤	没想到 校园 欺凌 拍 引人入胜 完成度 非常 高 手持 镜头 近身 特写 交叉 剪辑 镜头 语言 非常 丰富 演技 无痕 最 重要 真实 现实 不是 学校 无为 无力 不是 警察 无能 无奈 问题 不 欺凌 社会 真相 宣誓 肮脏 罪恶 角落 剪辑 一起 讽刺 生猛 戳心 片子 上 不 容易	28	0.8158661432378622
周二一_	北望 今心 陈年 不 移 演员 易 烊 千玺	351	0.8068431271391278
紫苏	曾国祥 易 烊 千玺 拍出 张震 感觉	64	0.8065531787509499
池浅	家长 应该 门槛	149	0.8002530269608988
